395,overtaking
396,overtaking
397,overtaking
398,overtaking
399,overtaking
401,overtaking
402,overtaking
403,overtaking
404,overtaking
405,overtaking
406,overtaking
408,overtaking
409,overtaking
410,overtaking
413,overtaking
417,overtaking
423,overtaking
425,overtaking
427,overtaking
429,overtaking
430,overtaking
431,overtaking
433,overtaking
434,overtaking
435,overtaking
436,overtaking
437,overtaking
438,overtaking
440,overtaking
442,overtaking
443,overtaking
444,overtaking
446,overtaking
447,overtaking
448,overtaking
449,overtaking
451,overtaking
452,overtaking
453,overtaking
454,overtaking
455,overtaking
466,overtaking
467,overtaking
468,overtaking
469,overtaking
473,overtaking
474,overtaking
477,overtaking
1218,overtaking
1220,overtaking
1221,overtaking
1222,overtaking
1223,overtaking
1230,overtaking
1231,overtaking
1233,overtaking
