809985126,0.013526923584723677
810118426,0.024927389475072552
810185393,0.03587411076598135
810251238,0.04595516857519102
810318018,0.05633418071326471
810385400,0.0655415071482705
810451414,0.07110602249286051
810518018,0.07750812719489893
810585135,0.08167682251728141
810651833,0.08700271388577466
810718011,0.09190213323711093
810784785,0.09843671314567962
810851686,0.10354048725533073
810984535,0.10786472557862219
811051688,0.1104804887181378
811118375,0.1129280604679241
811251642,0.1158923873991094
811318455,0.11777354145032862
811451223,0.11880049222088046
811518445,0.12030892197570481
811651189,0.12033128478045606
811718293,0.12171022285609208
811785063,0.12301822368447912
811851155,0.12584681114363044
811918580,0.12661038800851088
811985096,0.1274799333345768
812051117,0.12836388094902276
812117861,0.1290118559996617
812185206,0.13095956855584193
812317944,0.1299174564356965
812385062,0.13033493534866925
812451708,0.13080554368520547
812518174,0.1312657520192098
812584752,0.13015518242344026
812651878,0.1305477346174155
812718021,0.1356354172191277
812784584,0.13709522249668438
812851724,0.13679026462581526
812918615,0.13806056175636025
812984617,0.13637537496720262
813051698,0.13764517406841137
813118494,0.13885159872884506
813184657,0.13856930290762812
813251261,0.1382251690592785
813318665,0.1377549804096265
813384874,0.14059354902270776
813451267,0.14008975529889742
813518487,0.13946970142949916
813585168,0.13976970824082538
813651467,0.1393676078338836
813718505,0.1403477456203464
813785236,0.13980005044046523
813851310,0.13792770682521593
813918017,0.1376268679377154
813985272,0.13724604648561023
814051370,0.13713759260993208
814118280,0.13836926820659368
814185281,0.13796507066237032
814251824,0.13769365765239777
814317948,0.13753517892137404
814384960,0.1401968648771863
814451872,0.14411121760320372
814517984,0.1546578278581719
814584632,0.16619952777412436
814651716,0.18535568947615577
814718530,0.192264008269086
814851888,0.2075312289832153
814918768,0.23612019994046415
814984998,0.3151806229360061
815052122,0.45349748199545964
815119708,0.571643099796995
815251355,0.7359042475515735
815318137,0.7267024048003425
815384627,0.6923837057829615
815450767,0.6465804864896757
815517859,0.6176941975627994
815584798,0.5977539015445154
815650635,0.6215181732102522
815717533,0.6101899672019752
815784941,0.5847753020843759
815851218,0.5534565248003619
815917921,0.5190995207681214
815985254,0.49912040708694166
816052071,0.5270329406278654
816118313,0.5558488646178489
816184836,0.5964713207149047
816251800,0.5920777584373889
816318048,0.5947586563393763
816384406,0.5789851986577856
816451441,0.556888766400123
816518087,0.5417124636783959
816584372,0.5192226349111526
816651361,0.49417046453341457
816718365,0.47310992485745496
816784581,0.5013093110057013
816851158,0.530785411308047
816918457,0.5765196431846149
816984648,0.5702341928912092
817051200,0.5597908738507503
817118228,0.6112296218522015
817185056,0.6877735173155636
817251085,0.7219811555005659
817318416,0.6869130040950222
817385066,0.6459787774220326
817451238,0.6025377922701152
817517929,0.5677746488795415
817585286,0.5332667400944048
817651134,0.5042384994845008
817717903,0.4747823725285229
817784966,0.4541445788521887
817851665,0.43196877440294584
817917801,0.4205246456233394
817984539,0.405443331943142
818051846,0.3849563110706788
818117830,0.3631314443811946
818184499,0.3463176346324989
818251607,0.33403787941697677
818318596,0.3155619012100963
818384538,0.2976541641880295
818451702,0.28277801714245593
818518692,0.27092063219683005
818651098,0.2815911721192134
818718337,0.26979113158218254
818784712,0.26089124090733873
818851143,0.2792092864191761
818918315,0.28701760305414503
818984802,0.3605914139009924
819051210,0.3636842163854016
819118436,0.3935103232323208
819185137,0.4043834490710747
819251045,0.39960090508702567
819317888,0.4134983813413953
819385021,0.42577345696269714
819450962,0.4226252422828494
819518165,0.42574750020736485
819584981,0.41460238927989235
819651606,0.3964066595565314
819717700,0.380973988918043
819784757,0.36822809687217395
819851470,0.35688787433327546
819917410,0.3553210737773708
819984256,0.384863924061847
820051565,0.40877640151424044
820118392,0.4247619867092091
820184800,0.4410135243396159
820251924,0.4810846855197568
820318265,0.5053297203369428
820384027,0.5034570768291582
820450670,0.5071305659882821
820518001,0.5009734663628697
820584420,0.6586480094630914
820651116,0.6542561732868867
820718593,0.6377360976547842
820785022,0.6266504043540518
820850887,0.6057374379735752
820917935,0.5809589289822452
820984763,0.5572797504961664
821051054,0.5528408480214799
821118221,0.5630651669948525
821185347,0.5991222301824144
821251129,0.6790658157816515
821317422,0.7303271647320526
821384547,0.7183744467369466
821451133,0.7201259030127648
821517236,0.6813946390919963
821584490,0.6504277385437667
821651444,0.6443807792744725
821717665,0.6169397771746807
821784487,0.6270782182058301
821851625,0.6209702170564525
821918129,0.6054869601165536
821984414,0.6022664493688854
822051026,0.5900792046079544
822117902,0.6716299920316509
822184079,0.6890885294317681
822250957,0.6949426064749608
822318106,0.7579893913360493
822384213,0.7457238984533865
822450836,0.6951672875806651
822518177,0.6820799358908383
822650905,0.6583236752062656
822718013,0.6208038692298915
822784522,0.6444262308191275
822851146,0.7691047153411437
822917818,0.8856787772037052
823050951,0.8932553275186003
823117636,0.8279232452052597
823184773,0.7630047677646602
823251573,0.7001773498772063
823317651,0.652860038169375
823384775,0.6024718212293472
823451760,0.5713356597321312
823517599,0.588626014521517
823584285,0.6602255082514444
823651354,0.7813236742443507
823718267,0.9662195056018721
823784162,1.0471527318950677
823851226,1.0468152668333164
823918133,0.9765098172530512
823984295,0.8985075937939592
824050789,0.8251995570421821
824118083,0.7590257504577271
824184381,0.6966983404885855
824250809,0.6420822055635409
824318079,0.5927394383493256
824384693,0.5499785061765865
824450969,0.511577971620999
824518258,0.47825364607246207
824650779,0.4545754467068407
824717575,0.44654525720434324
824784769,0.4390964875972329
824851113,0.4539712279653671
824918084,0.4787536326291479
824985490,0.5547544347697735
825052258,0.629580950910826
825184793,0.7763787671933254
825251281,0.8491438272935217
825317289,0.866489588822954
825383663,0.8107261343352855
825450919,0.8218386586435557
825517098,0.871116273291865
825583741,0.932557347839569
825650933,0.8928794398079646
825717605,0.8530875247007663
825783734,0.7874373357112986
825850375,0.8580011756782038
825917937,0.8891306874660905
825983708,0.9583421592506192
826050451,1.1591685558874913
826117508,1.2833458794997141
826184433,1.2088028692134567
826250458,1.2302928691231416
826317582,1.244323363554899
826384598,1.2124063015213977
826450457,1.1230521064217183
826517251,1.072129667560049
826584316,1.0797305421895953
826650641,1.057697814843921
826717439,1.0679496281740064
826784228,1.161786600169981
826851012,1.2103178932792187
826917086,1.1566348240594784
826984328,1.0677401579683796
827051175,1.0230481688046662
827117388,0.9675618898475189
827183996,1.5268827453935212
827251485,2.0794946984051768
827317421,2.315915501001359
827383700,2.1567448668115428
827450217,2.4071165679914484
827517091,3.0860448453023364
827583405,3.348963821445379
827718183,3.7489796455193036
827784447,3.401245582130042
827851155,3.137573621875792
827918374,2.955475497237393
827985071,2.7611318925660973
828051141,2.583399295439742
828118443,2.4357543893929154
828185108,2.324932214210526
828251187,2.2921998388713174
828317855,2.2707256628747294
828385107,2.2652077409518854
828517475,2.169005393588101
828584403,1.9760115462617815
828651048,1.8234248219479183
828717130,1.7159890758486116
828784134,1.706320804964092
828850924,1.7482956991109802
828916901,1.7462533786919965
828983485,1.6602379399859428
829050714,1.5968484343480949
829117068,1.6014339703554787
829183547,1.6097649007925958
829250745,1.5961141899207774
829317685,1.5604943225971932
829383967,1.5145803030040093
829450688,1.4530488966743837
829518064,1.3812122873380845
829584465,1.2897773093069784
829650953,1.2232168150858294
829718139,1.139593706030114
829785027,1.0555350364893465
829851038,1.01663713503384
829918097,0.9910258515492836
829984950,1.1297583970412333
830050877,1.310288984684062
830117726,1.3348345485762667
830184794,1.317650715365285
830251003,1.2916115307203988
830317782,1.2223494798476613
830384572,1.1420369710588483
830451153,1.1074355227883954
830517624,1.1200540640031662
830584409,1.1001352232607116
830650905,1.1540413760725707
830716750,1.2793540973545632
830783424,1.2826543947424707
830850468,1.213305484849769
830916542,1.2796434178843736
830983145,1.7312326055064706
831050722,1.6846316852599932
831117445,1.7095050700987806
831183584,1.9195700834951739
831250389,1.9102341050373786
831317937,1.9538585836361775
831383934,1.8455977242256665
831450692,1.705227602240027
831517899,1.554048082220306
831584739,1.4180927225980537
831650908,1.3246445633214483
831718077,1.2681081664447298
831785121,1.2606218586393094
831851118,1.3413872572923635
831917968,1.4600535409471116
831985137,1.5433206843870055
832051310,1.6504246960335063
832117685,1.6518605361333432
832184693,1.6970971670127954
832251000,2.3304701242527734
832316803,2.510777876759213
832383763,2.4418983851095235
832450468,2.3491215899564897
832516504,2.161153730023627
832583184,1.9600353433188902
832650494,1.8011733572831568
832716786,1.693463095221015
832783640,1.6497635266682524
832850364,1.5941930163124887
832917189,1.4781707126146753
832983135,1.3667469471308147
833050393,1.2835975034680773
833117168,1.2061550711304752
833183242,1.1854275452826923
833250116,1.5394152874285503
833317646,1.5246713021322782
833384218,1.5862578348655818
833450618,1.5548912893176408
833518033,1.5966874781981941
833584535,1.4791228125768374
833650490,1.3698733455528094
833784924,1.7706964232377835
833850873,1.6322931126670384
833917552,1.496058638555107
833984423,1.3741177583648727
834051260,1.259148530952523
834117433,1.1528791698919252
834184472,1.055491406430291
834251569,0.9670814549378715
834317374,0.8878490054312962
834384078,0.8125566434803124
834451190,0.7462014298165951
834518046,0.6865387932117106
834584035,0.63303912091375
834651096,0.5876291345090793
834717954,0.5430753022355795
834784045,0.5054111860543558
834850682,0.4683765298663216
834917952,0.4349175367933598
834984227,0.4080235294777928
835050810,0.38223965278473043
835117969,0.3589057103822038
835184619,0.3395195000380385
835250846,0.3206671173757374
835384610,0.3042998067220464
835450768,0.2889853217911678
835517360,0.2736020210850584
835584624,0.2611085983284447
835650660,0.25014097924800316
835717596,0.2430544012139197
835784514,0.2336929655185955
835851231,0.22681091925484687
835917393,0.21924422904523655
835984682,0.2106950427209935
836051359,0.20612267955410118
836117403,0.20065181802964158
836184070,0.19558654692200922
836251248,0.19240217843066076
836317370,0.18828550564560406
836384019,0.18446127454845598
836451270,0.18088480027833173
836518199,0.1777375123544549
836584003,0.17364083689328602
836650775,0.16975555111701213
836717959,0.16617613636983952
836784125,0.16467201072254353
836850763,0.16321106922285664
836917916,0.16327052190818095
836984554,0.16345080247433
837050666,0.1622315548491998
837117820,0.16089953088772876
837184598,0.15828707538477774
837250637,0.16062921462587076
837317521,0.16101255532465086
837384595,0.1613110636181892
837450849,0.16253722133761064
837517362,0.16131831897223525
837584503,0.1600805018547392
837651209,0.15756458572393064
837717564,0.1553712716379
837784505,0.15477265818507452
837851263,0.15427485619600592
837917324,0.15398488054939488
837984069,0.1520706429139699
838051214,0.15175670612760964
838117438,0.15168128687879046
838184441,0.15143820465425828
838251063,0.150553978171122
838317900,0.15195622922322813
838384035,0.15188081805667508
838450874,0.15314971431086716
838517849,0.15276531704129934
838583984,0.15109740852081627
838650599,0.15250052091995192
838718049,0.1505934258686175
