48,tailgating
56,tailgating
57,tailgating
58,tailgating
59,tailgating
60,tailgating
61,tailgating
86,tailgating
87,tailgating
88,tailgating
89,tailgating
90,tailgating
91,tailgating
92,tailgating
93,tailgating
94,tailgating
95,tailgating
96,tailgating
97,tailgating
98,tailgating
99,tailgating
100,tailgating
101,tailgating
102,tailgating
103,tailgating
104,tailgating
105,tailgating
106,tailgating
111,tailgating
112,tailgating
125,tailgating
126,tailgating
130,tailgating
131,tailgating
132,tailgating
137,overtaking
138,overtaking
140,tailgating
141,overtaking
294,tailgating
416,tailgating
419,tailgating
430,tailgating
451,overtaking
452,overtaking
453,overtaking
454,overtaking
455,overtaking
456,overtaking
457,overtaking
458,overtaking
459,overtaking
460,overtaking
461,overtaking
462,overtaking
463,overtaking
464,overtaking
465,overtaking
490,overtaking
493,overtaking
522,overtaking
529,overtaking
530,overtaking
531,overtaking
532,overtaking
533,overtaking
534,overtaking
535,overtaking
536,overtaking
537,overtaking
538,overtaking
539,overtaking
542,overtaking
568,tailgating
569,tailgating
573,tailgating
592,tailgating
597,tailgating
598,tailgating
599,tailgating
600,tailgating
609,tailgating
610,tailgating
617,overtaking
618,overtaking
620,overtaking
621,overtaking
622,tailgating
623,tailgating
623,tailgating
628,overtaking
629,overtaking
629,tailgating
630,overtaking
630,tailgating
631,tailgating
631,tailgating
635,overtaking
639,overtaking
645,overtaking
646,tailgating
646,tailgating
647,tailgating
648,overtaking
648,tailgating
649,tailgating
650,overtaking
650,tailgating
651,overtaking
651,tailgating
652,tailgating
653,tailgating
654,tailgating
655,tailgating
656,tailgating
657,tailgating
658,tailgating
659,tailgating
660,tailgating
661,tailgating
662,tailgating
663,tailgating
664,tailgating
