869217588,10.409450216396115,1.0409450216396114
869484243,0.15375631199032117,0.9522261506746824
869551429,0.23814178558550633,0.8808177141657648
869618045,0.3077330474193833,0.8235092474911266
869684232,0.2870662427026755,0.7698649470122816
869818032,0.1494766885389669,0.7078261211649501
869884215,0.2417580170664032,0.6612193107550955
869950925,0.22485184358560673,0.6175825640381467
870017934,0.2611613682435787,0.58194044445869
870084186,0.24150623141197533,0.5478970231540186
870150910,0.2248118116832663,0.5155885020069433
870217501,0.2552891523731214,0.4895585670435611
870284764,0.22300323336152034,0.462903033675357
870350931,0.2569286557386299,0.4423055958816843
870417484,0.22538227406120276,0.42061326369963614
870484890,0.1780269400845647,0.396354631338129
870617483,0.16592004078659991,0.3733111722829761
870684646,0.2680065792923143,0.3627807129839099
870817557,0.1429532048194804,0.34079796216746694
870884199,0.24008574181969478,0.33072674013268977
871017448,0.15759899471865008,0.3134139655912858
871084211,0.21718470897382752,0.30379103992954
871151370,0.25312648382345826,0.2987245843189318
871284381,0.165398620926225,0.2853919879796611
871351422,0.26849429282095383,0.28370221846379035
871484453,0.16913379698695966,0.27224537631610723
871551010,0.24790416885862376,0.2698112555703589
871618048,0.23866753194229315,0.26669688320755236
871684283,0.2566648805655364,0.2656936829433508
871751054,0.22464642562783446,0.26158895721179914
871818060,0.22385855722764234,0.2578159172133835
871884319,0.2565647161457293,0.2576907971066181
872017615,0.1913040085809585,0.2510521182540521
872084851,0.1784770647174155,0.24379461290038845
872151056,0.22656697357595498,0.2420718489679451
872217839,0.20964041450671242,0.23882870552182184
872284845,0.2089391604247786,0.23583975101211752
872351096,0.21132384117978387,0.23338816002888416
872417608,0.21048741527609455,0.2310980855536052
872551590,0.16793151116115584,0.22478142811436028
872617582,0.2273054813121901,0.22503383343414324
872684313,0.26974158764306655,0.2295046088550356
872817465,0.16522347368434548,0.22307649533796658
872884298,0.20947644075297367,0.2217164898794673
872951560,0.17840807474264092,0.21738564836578467
873084209,0.14323555703972235,0.20997063923317844
873151357,0.22338515645433346,0.21131209095529394
873217974,0.2476844677079828,0.21494932863056282
873284197,0.2416119904490327,0.2176155948124098
873350917,0.20983121949705236,0.21683715728087405
873417977,0.20876735706596156,0.2160301772593828
873484205,0.19629177151796368,0.2140563366852409
873550849,0.1950664942694318,0.21215735244366002
873617936,0.2384932104036222,0.21479093823965625
873684336,0.23343476904443944,0.21665532132013457
873750862,0.23299264444804657,0.21828905363292578
873884688,0.1643913437449941,0.2128992826441326
873950923,0.25665768139350464,0.21727512251906983
874017415,0.2556728383002193,0.2211148940971848
874084641,0.23800008934560266,0.2228034136220266
874150837,0.24171053905835124,0.22469412616565906
874217368,0.21794563652731713,0.22401927720182488
874284518,0.2382765576099114,0.22544500524263353
874351355,0.26182988024679155,0.22908349274304934
874417570,0.2567352039130039,0.2318486638600448
874484150,0.2703497666931679,0.2356987741433571
874551385,0.2602835149049389,0.2381572482195153
874684137,0.14312442302761227,0.22865396570032503
874751363,0.23800008934560438,0.22958857806485297
874817379,0.2726630799353083,0.2338960282518985
874884152,0.22463969696727012,0.23297039512343568
874951324,0.20841926643309674,0.23051528225440177
875017944,0.2852004413953958,0.23598379816850118
875084106,0.23427448784121235,0.2358128671357723
875217933,0.17933726263518662,0.23016530668571372
875284091,0.24184937337141474,0.23133371335428382
875417939,0.1681014146417789,0.22501048348303335
875484142,0.24167777904849758,0.22667721303957977
875550811,0.2249936987831661,0.2265088616139384
875684640,0.1569159782055152,0.2195495732730961
875750841,0.24169228325110598,0.2217638442708971
875817341,0.2105253979675715,0.22063999964056452
875950803,0.17233192585731746,0.21580919226223982
876017354,0.21787655670418005,0.21601592870643385
876084542,0.23813469676650217,0.21822780551244067
876217431,0.16555405492686173,0.21296043045388277
876284137,0.23986254375178112,0.21565064178367263
876351440,0.23773488319251923,0.21785906592455728
876417396,0.19710127121249463,0.21578328645335104
876484151,0.2172143081986102,0.21592638862787697
876551252,0.2757051257862829,0.22190426234371757
876617651,0.2635570370947581,0.22606953981882164
876751380,0.1794686855257987,0.22140945438951934
876818086,0.22487247508101438,0.22175575645866885
876884271,0.2568587801504494,0.2252660588278469
876950847,0.19526573305833275,0.22226602625089548
877017913,0.20875223486450886,0.2209146471122568
877084094,0.21154015449817284,0.21997719785084843
877217785,0.17203673761711238,0.21518315182747483
877284278,0.21054756086872034,0.2147195927315994
877350874,0.24025873691372,0.21727350714981147
877417479,0.21019351347261606,0.21656550778209194
877484677,0.23809925900097972,0.21871888290398073
877550794,0.22686852829976614,0.21953384744355928
877617567,0.2620844072399605,0.2237889034231994
877684692,0.20856519873137713,0.2222665329540172
877750875,0.2568593373993271,0.2257258133985482
877817440,0.24036346437839828,0.2271895784965332
877951445,0.16417175454660649,0.22088779610154055
878017454,0.19694301449941293,0.2184933179413278
878084191,0.23974398019609666,0.22061838416680468
878151456,0.2378691867019363,0.22234346442031785
878217491,0.1968654720086566,0.21979566517915172
878284177,0.2699164599443968,0.22480774465567624
878351531,0.23754779235603365,0.226081749425712
878417430,0.16691724556411922,0.22016529903955273
878484167,0.26971019146578246,0.22511978828217571
878551364,0.21578554316113147,0.22418636377007128
878617956,0.18020308630676635,0.2197880360237408
878684203,0.18114154487508916,0.21592338690887564
878750920,0.20984422835893196,0.21531547105388127
878817966,0.22372500202242745,0.21615642415073588
878884179,0.3020551995305075,0.22474630168871307
879017859,0.1645708854579404,0.2187287600656358
879084351,0.25566925262706797,0.22242280932177902
879217469,0.16526567382335527,0.21670709577193664
879284683,0.20828903152383965,0.21586528934712695
879350918,0.21891602212153338,0.2161703626245676
879417450,0.24048985215393737,0.2186023115775046
879484696,0.2528060905370989,0.22202268947346404
879550886,0.2266183182594859,0.22248225235206623
879617498,0.2702234715217902,0.22725637426903864
879751547,0.201418514192088,0.22467258826134356
879817775,0.28688852759801486,0.2308941821950107
879951616,0.14195988826862665,0.2220007528023723
880017569,0.2425938775544385,0.22406006527757893
880151453,0.15311721106995463,0.2169657798568165
880217544,0.21182822116239153,0.216452023987374
880351415,0.30626772199309404,0.225433593787946
880418012,0.6907254415856008,0.2719627785677115
880484162,1.2698429421953314,0.37175079493047347
880617924,1.3793153438133787,0.472507249818764
880684074,1.526837626462254,0.577940287483113
880817801,5.772954122712825,1.0974416710060844
880883876,12.410138982108178,2.2287114021162937
880950541,12.000302868594668,3.205870548764131
881017254,3.205870548764131,3.205870548764131
881150356,3.205870548764131,3.205870548764131
881216926,0.45063511036315673,2.930347004924034
881284366,0.8896859373769218,2.726280898169323
881350323,0.591316537194674,2.512784462071858
881416849,0.5937563736167912,2.3208816532263516
881483957,0.2533259576243905,2.1141260836661555
881616810,0.3914175777037963,1.9418552330699197
881683575,0.23214431199334118,1.7708841409622618
881750784,0.3422125532111612,1.6280169821871517
881816830,0.4466585051236176,1.5098811344807985
881883634,0.5688298127585716,1.415776002308576
881950887,0.34200284244695245,1.3083986863224137
882016992,0.272295981922834,1.2047884158824558
882083787,0.3518293660436181,1.119492510898572
882151013,0.39418897792492547,1.0469621576012074
882217611,0.19520838885927727,0.9617867807270144
882283979,0.6629795324607154,0.9319060559003846
882350508,0.21043362991844639,0.8597588133021907
882417577,0.8945931196586019,0.8632422439378319
882483756,0.34755310843449055,0.8116733303874978
882550480,0.5470435043782342,0.7852103477865714
882617441,0.38830030260151277,0.7455193432680656
882683768,0.40708048375613504,0.7116754573168725
882750467,0.20989728428977208,0.6614976400141624
882817238,0.5391742739263329,0.6492653034053795
882950411,0.6492653034053795,0.6492653034053795
883017276,0.6492653034053795,0.6492653034053795
883084371,0.6492653034053795,0.6492653034053795
883150630,10.1646541996797,1.6008041930328116
883217234,5.825472539569885,2.023271027686519
883284495,2.3490580331931694,2.055849728237184
883350597,14.674288072851809,3.3176935626986466
883483725,3.3176935626986466,3.3176935626986466
883551028,3.3176935626986466,3.3176935626986466
883683829,0.19578901184856348,3.005503107613638
883751219,0.5193626266821243,2.756889059520487
883817087,1.8066646710057188,2.6618666206690103
883950921,0.2166955778196365,2.4173495163840726
884017547,0.8255081376006347,2.258165378505729
884083733,0.6496875661384727,2.0973175972690035
884150417,0.43489116261167726,1.9310749538032708
884217493,1.9310749538032708,1.9310749538032708
884283626,1.9310749538032708,1.9310749538032708
884350415,1.9310749538032708,1.9310749538032708
884417415,1.9310749538032708,1.9310749538032708
884483958,1.9310749538032708,1.9310749538032708
884550533,1.9310749538032708,1.9310749538032708
884617136,1.9310749538032708,1.9310749538032708
884684418,1.9310749538032708,1.9310749538032708
884750626,1.9310749538032708,1.9310749538032708
884817270,1.9310749538032708,1.9310749538032708
884884399,1.9310749538032708,1.9310749538032708
884950545,1.9310749538032708,1.9310749538032708
885017069,1.9310749538032708,1.9310749538032708
885084200,1.9310749538032708,1.9310749538032708
885150538,1.9310749538032708,1.9310749538032708
885217241,1.9310749538032708,1.9310749538032708
885283868,1.9310749538032708,1.9310749538032708
885351034,1.9310749538032708,1.9310749538032708
885417017,1.9310749538032708,1.9310749538032708
885483826,1.9310749538032708,1.9310749538032708
885550899,1.9310749538032708,1.9310749538032708
885616851,1.9310749538032708,1.9310749538032708
885683641,1.9310749538032708,1.9310749538032708
885750840,1.9310749538032708,1.9310749538032708
885817439,1.9310749538032708,1.9310749538032708
885883707,1.9310749538032708,1.9310749538032708
886017534,1.9310749538032708,1.9310749538032708
886083522,1.9310749538032708,1.9310749538032708
886150229,1.9310749538032708,1.9310749538032708
886217721,1.9310749538032708,1.9310749538032708
886283881,1.9310749538032708,1.9310749538032708
886350513,1.9310749538032708,1.9310749538032708
886417059,1.9310749538032708,1.9310749538032708
886483999,1.9310749538032708,1.9310749538032708
886550293,1.9310749538032708,1.9310749538032708
886616928,1.9310749538032708,1.9310749538032708
886684419,1.9310749538032708,1.9310749538032708
886750536,1.9310749538032708,1.9310749538032708
886817199,1.9310749538032708,1.9310749538032708
886884399,1.9310749538032708,1.9310749538032708
886951378,1.9310749538032708,1.9310749538032708
887017344,1.9310749538032708,1.9310749538032708
887084156,1.9310749538032708,1.9310749538032708
887151375,1.9310749538032708,1.9310749538032708
887283971,1.9310749538032708,1.9310749538032708
887350913,1.9310749538032708,1.9310749538032708
887483749,1.9310749538032708,1.9310749538032708
887550867,1.9310749538032708,1.9310749538032708
887617466,1.9310749538032708,1.9310749538032708
887683786,1.9310749538032708,1.9310749538032708
887750252,1.9310749538032708,1.9310749538032708
887817417,1.9310749538032708,1.9310749538032708
887883782,1.9310749538032708,1.9310749538032708
887950616,1.9310749538032708,1.9310749538032708
888083913,1.9310749538032708,1.9310749538032708
888150601,1.9310749538032708,1.9310749538032708
888217152,1.9310749538032708,1.9310749538032708
888284178,1.9310749538032708,1.9310749538032708
888350199,1.9310749538032708,1.9310749538032708
888416850,1.9310749538032708,1.9310749538032708
888483971,1.9310749538032708,1.9310749538032708
888550131,1.9310749538032708,1.9310749538032708
888616681,1.9310749538032708,1.9310749538032708
888683797,1.9310749538032708,1.9310749538032708
888816629,1.9310749538032708,1.9310749538032708
888883293,1.9310749538032708,1.9310749538032708
888950278,1.9310749538032708,1.9310749538032708
889082975,1.9310749538032708,1.9310749538032708
889150369,1.9310749538032708,1.9310749538032708
889216192,1.9310749538032708,1.9310749538032708
889349599,1.9310749538032708,1.9310749538032708
889416143,1.9310749538032708,1.9310749538032708
889549425,1.9310749538032708,1.9310749538032708
889616730,1.9310749538032708,1.9310749538032708
889683180,1.9310749538032708,1.9310749538032708
889817122,1.9310749538032708,1.9310749538032708
889883645,0.24803445703445665,1.7627709041263893
889949997,1.5975395857583687,1.7462477722895873
890084064,4.527582457113468,2.0243812407719757
890150476,2.6501252522980017,2.0869556419245785
890284642,0.8683301108703352,1.9650930888191542
890350821,1.3599359149212682,1.9045773714293657
890417448,1.2607446499026111,1.8401940992766903
890484721,1.8401940992766903,1.8401940992766903
890551606,1.8401940992766903,1.8401940992766903
890617766,1.8401940992766903,1.8401940992766903
890684163,1.8401940992766903,1.8401940992766903
890751365,1.8401940992766903,1.8401940992766903
890817275,1.6234167391569239,1.8185163632647137
890883963,1.6119781588409794,1.7978625428223403
890950925,1.568060928745326,1.7748823814146388
891016977,2.0741246884778644,1.8048066121209616
891083711,1.8048066121209616,1.8048066121209616
891150586,1.8048066121209616,1.8048066121209616
891216564,1.8048066121209616,1.8048066121209616
891350509,3.210275151560577,1.9453534660649232
891417491,0.29859451440196466,1.7806775708986273
891483687,0.33989306468388564,1.636599120277153
891550295,1.636599120277153,1.636599120277153
891617404,1.636599120277153,1.636599120277153
891683462,1.636599120277153,1.636599120277153
891750201,1.636599120277153,1.636599120277153
891883887,1.636599120277153,1.636599120277153
891949971,1.636599120277153,1.636599120277153
892016670,1.636599120277153,1.636599120277153
892084345,1.8322806892070918,1.6561672771701468
892150511,1.0125961282955571,1.591810162282688
892217310,0.40419692523742834,1.473048838578162
892350669,1.8671446945193484,1.5124584241722807
892417009,1.432020907880761,1.5044146725431289
892483671,2.41517283864898,1.595490489153714
892550693,1.5069653569472434,1.5866379759330669
892616606,0.5689375611749788,1.484867934457258
892683291,0.7197927872691523,1.4083604197384476
892750488,1.1012449749474313,1.3776488752593459
892816777,1.2219271381973589,1.3620767015531472
892883580,6.990718400426795,1.924940871440512
892950521,1.924940871440512,1.924940871440512
893016569,1.924940871440512,1.924940871440512
893150273,17.381674481744952,3.470614232470956
893217852,1.1394022448784424,3.2374930337117047
893284438,0.4355240658763012,2.9572961369281647
893417900,2.2778083236590803,2.8893473556012563
893484051,3.1443240934448307,2.914845029385614
893550840,1.6020654741371936,2.783567073860772
893617627,2.1261509678521477,2.7178254632599095
893751400,6.406366908424529,3.086679607776371
893817935,7.469763196436493,3.5249879666423833
893884828,7.250394067414573,3.897528576719602
893951012,8.174186604178304,4.325194379465472
894017580,8.322329865583876,4.724907928077313
894084749,7.719325498215676,5.024349685091149
894151309,7.286667823791501,5.250581498961185
894283693,2.103725550455377,4.9358959041106045
894351017,0.9060784263354619,4.53291415633309
894483473,0.6492755519182455,4.144550295891606
894550799,2.866632298196798,4.016758496122125
894616731,3.230620202947013,3.9381446668046136
894683576,2.8723366410866475,3.831563864232817
894750909,3.20793078091697,3.7692005559012323
894817684,1.9468238227869847,3.5869628825898072
894883782,1.5431811883195645,3.3825847131627826
894950602,0.5836509652067757,3.102691338367182
895017816,3.102691338367182,3.102691338367182
895084063,3.102691338367182,3.102691338367182
895150760,3.102691338367182,3.102691338367182
895217750,3.102691338367182,3.102691338367182
895284263,3.102691338367182,3.102691338367182
895417072,3.102691338367182,3.102691338367182
895484105,3.102691338367182,3.102691338367182
895617017,3.102691338367182,3.102691338367182
895684313,3.102691338367182,3.102691338367182
895750456,3.102691338367182,3.102691338367182
895816988,3.102691338367182,3.102691338367182
895884153,3.102691338367182,3.102691338367182
895950432,3.102691338367182,3.102691338367182
896017214,3.102691338367182,3.102691338367182
896083750,3.102691338367182,3.102691338367182
896150882,3.102691338367182,3.102691338367182
896216751,3.102691338367182,3.102691338367182
896283552,3.102691338367182,3.102691338367182
896350537,3.102691338367182,3.102691338367182
896416664,3.102691338367182,3.102691338367182
896483492,3.102691338367182,3.102691338367182
896550684,3.102691338367182,3.102691338367182
896616705,3.102691338367182,3.102691338367182
896683460,3.102691338367182,3.102691338367182
896817369,3.102691338367182,3.102691338367182
896883700,3.102691338367182,3.102691338367182
896950550,3.102691338367182,3.102691338367182
897017897,3.102691338367182,3.102691338367182
897083984,3.102691338367182,3.102691338367182
897150550,3.102691338367182,3.102691338367182
897284200,3.102691338367182,3.102691338367182
897350223,3.102691338367182,3.102691338367182
897416754,3.102691338367182,3.102691338367182
897549850,3.102691338367182,3.102691338367182
897616355,3.102691338367182,3.102691338367182
897683579,3.102691338367182,3.102691338367182
897750274,3.102691338367182,3.102691338367182
897816958,3.102691338367182,3.102691338367182
897883881,3.102691338367182,3.102691338367182
897951219,3.102691338367182,3.102691338367182
898083567,3.102691338367182,3.102691338367182
898150719,3.102691338367182,3.102691338367182
898216701,3.102691338367182,3.102691338367182
898283318,3.102691338367182,3.102691338367182
898350377,3.102691338367182,3.102691338367182
898416412,3.102691338367182,3.102691338367182
898483299,3.102691338367182,3.102691338367182
898549694,3.102691338367182,3.102691338367182
898616910,3.102691338367182,3.102691338367182
898683108,3.102691338367182,3.102691338367182
898749838,3.102691338367182,3.102691338367182
898883360,3.102691338367182,3.102691338367182
898950153,3.102691338367182,3.102691338367182
899017002,3.102691338367182,3.102691338367182
899083708,3.102691338367182,3.102691338367182
899149698,3.102691338367182,3.102691338367182
899216502,3.102691338367182,3.102691338367182
899283614,3.102691338367182,3.102691338367182
899349691,3.102691338367182,3.102691338367182
899416516,3.102691338367182,3.102691338367182
899483835,3.102691338367182,3.102691338367182
899550198,3.102691338367182,3.102691338367182
899683536,3.102691338367182,3.102691338367182
899750652,3.102691338367182,3.102691338367182
899816538,3.102691338367182,3.102691338367182
899883276,3.102691338367182,3.102691338367182
899950549,3.102691338367182,3.102691338367182
900016404,3.102691338367182,3.102691338367182
900150406,3.102691338367182,3.102691338367182
900216438,3.102691338367182,3.102691338367182
900283078,3.102691338367182,3.102691338367182
900416649,3.102691338367182,3.102691338367182
900483000,3.102691338367182,3.102691338367182
900549779,3.102691338367182,3.102691338367182
900616799,3.102691338367182,3.102691338367182
900683250,0.3160209544967863,2.8240242999801426
900749695,0.6020010813910472,2.601821978121233
900883567,1.060712632418278,2.447711043550938
900949662,1.1649847084747922,2.3194384100433236
901083531,1.6658044263713538,2.254075011676127
901149667,1.4364380523286806,2.1723113157413825
901283759,6.544014983895082,2.6094816825567526
901349889,0.39315090297697136,2.3878486045987746
901416712,0.35914601517985295,2.1849783456568823
901483369,0.9601411659646728,2.0624946276876615
901550640,1.1074550264777043,1.9669906675666657
901616894,0.2490415097247476,1.795195751782474
901684133,1.264133679451735,1.7420895445494
901751303,1.7269640535369057,1.7405769954481507
901817445,1.7084441969801354,1.737363715601349
901884175,1.783326667912555,1.7419600108324698
901951141,1.9114216079714035,1.7589061705463633
902017559,1.5658276051434654,1.7395983140060736
902083601,2.0820055308006453,1.773839035685531
902150405,2.6270798041958927,1.859163112536567
902217224,2.2448647619729782,1.8977332774802083
902283303,0.8323416694529482,1.7911941166774823
902350130,1.0923721583137402,1.7213119208411083
902483398,1.7213119208411083,1.7213119208411083
902549908,1.375737216773377,1.686754450434335
902616981,1.686754450434335,1.686754450434335
902684003,1.686754450434335,1.686754450434335
902750230,1.686754450434335,1.686754450434335
902816778,1.686754450434335,1.686754450434335
902884190,1.686754450434335,1.686754450434335
903016845,1.686754450434335,1.686754450434335
903084201,2.6129906035508834,1.77937806574599
903150679,2.015716149677209,1.803011874139112
903216957,1.5540698402055295,1.7781176707457538
903283514,1.7781176707457538,1.7781176707457538
903350582,1.7781176707457538,1.7781176707457538
903416571,1.7781176707457538,1.7781176707457538
903483437,1.7781176707457538,1.7781176707457538
903550658,1.7781176707457538,1.7781176707457538
903616629,1.7781176707457538,1.7781176707457538
903683235,1.7781176707457538,1.7781176707457538
903750272,1.7781176707457538,1.7781176707457538
903816437,1.7781176707457538,1.7781176707457538
903883434,1.7781176707457538,1.7781176707457538
903950000,1.7781176707457538,1.7781176707457538
904083380,1.7781176707457538,1.7781176707457538
904150165,1.7781176707457538,1.7781176707457538
904217275,1.7781176707457538,1.7781176707457538
904350205,1.7781176707457538,1.7781176707457538
904417072,1.7781176707457538,1.7781176707457538
904550205,1.7781176707457538,1.7781176707457538
904617049,1.7781176707457538,1.7781176707457538
904684273,1.7781176707457538,1.7781176707457538
904750566,1.7781176707457538,1.7781176707457538
904884379,1.7781176707457538,1.7781176707457538
904950625,1.7781176707457538,1.7781176707457538
905083757,1.7781176707457538,1.7781176707457538
905150970,1.7781176707457538,1.7781176707457538
905216995,1.7781176707457538,1.7781176707457538
905283739,1.7781176707457538,1.7781176707457538
905417169,1.7781176707457538,1.7781176707457538
905483853,1.7781176707457538,1.7781176707457538
905550649,1.7781176707457538,1.7781176707457538
905683321,1.7781176707457538,1.7781176707457538
905750173,1.7781176707457538,1.7781176707457538
905883535,1.7781176707457538,1.7781176707457538
905950302,1.7781176707457538,1.7781176707457538
906017306,1.7781176707457538,1.7781176707457538
906083694,1.7781176707457538,1.7781176707457538
906149973,1.7781176707457538,1.7781176707457538
906217059,1.7781176707457538,1.7781176707457538
906283957,1.7781176707457538,1.7781176707457538
906350290,1.7781176707457538,1.7781176707457538
906416722,1.7781176707457538,1.7781176707457538
906483952,1.7781176707457538,1.7781176707457538
906549955,1.7781176707457538,1.7781176707457538
906616593,1.7781176707457538,1.7781176707457538
906683816,1.7781176707457538,1.7781176707457538
906749921,1.7781176707457538,1.7781176707457538
906816909,1.7781176707457538,1.7781176707457538
906883361,1.7781176707457538,1.7781176707457538
906950628,1.7781176707457538,1.7781176707457538
907016728,1.7781176707457538,1.7781176707457538
907083655,1.7781176707457538,1.7781176707457538
907150623,1.7781176707457538,1.7781176707457538
907216710,1.7781176707457538,1.7781176707457538
907283570,1.7781176707457538,1.7781176707457538
907350593,1.7781176707457538,1.7781176707457538
907416692,1.7781176707457538,1.7781176707457538
907483450,1.7781176707457538,1.7781176707457538
907683683,1.7781176707457538,1.7781176707457538
907750245,1.7781176707457538,1.7781176707457538
907817222,1.7781176707457538,1.7781176707457538
907883182,1.7781176707457538,1.7781176707457538
907949757,1.7781176707457538,1.7781176707457538
908016750,1.7781176707457538,1.7781176707457538
908083692,1.7781176707457538,1.7781176707457538
908149707,1.7781176707457538,1.7781176707457538
908216434,1.7781176707457538,1.7781176707457538
908283759,1.7781176707457538,1.7781176707457538
908349821,1.7781176707457538,1.7781176707457538
908416531,1.7781176707457538,1.7781176707457538
908483713,1.7781176707457538,1.7781176707457538
908550250,1.7781176707457538,1.7781176707457538
908616677,1.7781176707457538,1.7781176707457538
908683408,1.7781176707457538,1.7781176707457538
908750627,1.7781176707457538,1.7781176707457538
908816594,1.7781176707457538,1.7781176707457538
908883306,1.7781176707457538,1.7781176707457538
908950422,1.7781176707457538,1.7781176707457538
909016482,1.7781176707457538,1.7781176707457538
909083123,1.7781176707457538,1.7781176707457538
909150219,1.7781176707457538,1.7781176707457538
909216388,1.7781176707457538,1.7781176707457538
909283389,1.7781176707457538,1.7781176707457538
909349840,1.7781176707457538,1.7781176707457538
909416962,1.7781176707457538,1.7781176707457538
909483211,1.7781176707457538,1.7781176707457538
909549838,1.7781176707457538,1.7781176707457538
909617016,1.7781176707457538,1.7781176707457538
909750513,1.7781176707457538,1.7781176707457538
909816962,1.7781176707457538,1.7781176707457538
909883768,1.7781176707457538,1.7781176707457538
910016681,1.7781176707457538,1.7781176707457538
910083802,1.7781176707457538,1.7781176707457538
910149731,1.7781176707457538,1.7781176707457538
910216389,1.7781176707457538,1.7781176707457538
910283690,0.2377490331594511,1.6240808069871235
910349723,1.6240808069871235,1.6240808069871235
910416365,1.6240808069871235,1.6240808069871235
910483180,1.6240808069871235,1.6240808069871235
910550367,1.6240808069871235,1.6240808069871235
910616383,1.6240808069871235,1.6240808069871235
910683109,0.1798269077874334,1.4796554170671545
910750526,0.25216485996495436,1.3569063613569345
910816352,1.3569063613569345,1.3569063613569348
910883146,1.3569063613569348,1.3569063613569348
910950304,1.3569063613569348,1.3569063613569348
911083152,1.3569063613569348,1.3569063613569348
911149824,1.3569063613569348,1.3569063613569348
911217110,1.3569063613569348,1.3569063613569348
911283256,1.3569063613569348,1.3569063613569348
911349664,1.3569063613569348,1.3569063613569348
911416700,1.3569063613569348,1.3569063613569348
911483081,1.3569063613569348,1.3569063613569348
911549496,1.3569063613569348,1.3569063613569348
911616657,1.3569063613569348,1.3569063613569348
911749877,1.3569063613569348,1.3569063613569348
911816514,1.3569063613569348,1.3569063613569348
911883885,8.252812526109656,2.0464969778322066
911949994,10.391925423483114,2.8810398223972973
912016742,10.637023403652137,3.6566381805227817
912083902,5.419890464523699,3.8329634089228737
912150128,0.7549933671800065,3.525166404748587
912216949,0.5986136372252431,3.232511127996253
912283511,1.021601511113164,3.011420166307944
912350782,1.1892185890808078,2.8292000085852305
912416768,0.7577393800936976,2.622053945736077
912483659,0.882032190560599,2.4480517702185294
912550711,3.534570013659671,2.5567035945626437
912616750,1.9306745832292984,2.4941006934293095
912683537,0.44919235492460247,2.289609859578839
912750680,1.4446795953459448,2.2051168331555497
912817376,0.7646653210929462,2.0610716819492896
912883559,0.5439465323639066,1.9093591669907513
912950469,0.7472753061554824,1.7931507809072242
913017332,0.4337197770132839,1.6572076805178302
913083538,2.220340089538973,1.7135209214199445
913150257,1.9184942966896235,1.7340182589469124
913217429,0.3275220747510237,1.5933686405273235
913283544,0.8848226801544734,1.5225140444900385
913350273,0.8542001498404865,1.4556826550250834
913417237,0.4629373593139792,1.356408125453973
913484114,0.5083948127361803,1.2716067941821938
913550276,0.27206139302031096,1.1716522540660055
913616818,1.16467594129416,1.170954622788821
913684105,1.5902012887331947,1.2128792893832585
913750283,0.5591008989508748,1.1475014503400203
913883989,0.6955554361819738,1.1023068489242156
913950500,0.36083792168997497,1.0281599562007917
914016807,0.30916712695325943,0.9562606732760385
914083716,0.2540758335302979,0.8860421893014645
914150808,0.7154334176384803,0.868981312135166
914283619,1.0616574982971874,0.8882489307513681
914350828,0.32733821938426033,0.8321578596146574
914416823,0.6061059451932324,0.8095526681725149
914483572,0.4644249188830166,0.775039893243565
914550744,0.23819496851257826,0.7213554007704663
914617418,0.27746724700493186,0.676966585393913
914683830,0.48184160768917284,0.6574540876234389
914750359,0.8718015863463608,0.6788888374957311
914883646,0.288850904978728,0.6398850442440308
914950377,0.5544676281004581,0.6313433026296735
915083730,0.277456843517678,0.595954656718474
915150380,0.28507206910369853,0.5648663979569966
915217361,0.32098820003016587,0.5404785781643134
915284163,0.5987838964855439,0.5463091099964364
915350317,0.5441813787958587,0.5460963368763787
915417081,0.22466997911443007,0.5139537011001838
915484210,0.42456045117940033,0.5050143761081054
915550371,0.3929811050042119,0.49381104899771605
915684070,0.19446684633529876,0.46387662873147434
915750626,0.28547468907028717,0.4460364347653556
915883637,0.39846308423453136,0.4412790997122732
915950914,0.22295682752791487,0.4194468724938374
916083643,0.32397005366152587,0.40989919061060626
916151048,0.2225334394421229,0.3911626154937579
916216848,0.19756856298011938,0.37180321024239404
916283808,0.23894554967662618,0.35851744418581727
916350764,0.37337383550799585,0.3600030833180351
916417545,0.2994860952443649,0.3539513845106681
916550325,0.19581279475962818,0.33813752553556414
916617398,0.2832742445657931,0.33265119743858707
916683618,0.21141556878350037,0.3205276345730784
916750308,0.20992918553641016,0.3094677896694116
916817321,0.223835173557303,0.3009045280582007
916883868,0.30053918172891514,0.30086799342527215
916950334,0.23319938383492111,0.29410113246623704
917084200,0.2166366537253522,0.2863546845921486
917150458,0.22639293855465337,0.28035850998839906
917216967,0.2706419565022731,0.2793868546397865
917350347,0.16119262413886637,0.2675674315896945
917416945,0.2627695081842544,0.26708763924915047
917550355,0.1649039499888895,0.2568692703231244
917617144,0.22458588219011644,0.2536409315098236
917683640,0.27068769622009176,0.25534560798085043
917750931,0.2377701922448407,0.25358806640724946
917816893,0.22740524702366213,0.25096978446889073
917883851,0.23149298191597464,0.24902210421359913
917950893,0.2386532920609079,0.24798522299833003
918016944,0.27251498790980505,0.25043819948947754
918083659,0.194858898959633,0.2448802694364931
918150838,0.19351302407139268,0.23974354489998306
918217494,0.2400424694477056,0.23977343735475531
918283690,0.24170333564486582,0.23996642718376637
918350438,0.2621825691351625,0.242188041378906
918417532,0.19375818171657536,0.23734505541267295
918483742,0.23410104585366606,0.23702065445677226
918550452,0.22485899149682892,0.23580448816077793
918683709,0.17634891412192705,0.22985893075689284
918750412,0.26985124306899155,0.23385816198810272
918817434,0.19396633111653358,0.2298689789009458
918884229,0.20959561291779125,0.22784164230263032
918950442,0.19633623977303405,0.2246911020496707
919016947,0.27065106454930227,0.22928709829963387
919084278,0.20050162933073296,0.22640855140274377
919150415,0.2494820778883658,0.22871590405130598
919216980,0.2553924489485053,0.23138355854102594
919284149,0.20843567422474696,0.22908877010939804
919350594,0.19565071027303477,0.22574496412576173
919416921,0.19599878547336114,0.22277034626052167
919483659,0.22475750675170977,0.22296906230964048
919550874,0.2529155921609609,0.22596371529477255
919616902,0.21960955295296458,0.22532829906059176
919683647,0.2097561972196154,0.22377108887649413
919750818,0.2679675611179114,0.22819073610063587
919816833,0.24236603811782204,0.22960826630235448
919883576,0.19477715182253696,0.22612515485437273
919950888,0.2228408973971297,0.22579672910864843
920017401,0.26310531333806597,0.22952758753159017
920083897,0.210541647368612,0.22762899351529234
920150259,0.22603095876549206,0.22746919004031232
920217396,0.1787402464116663,0.22259629567744774
920350274,0.16180338826758803,0.21651700493646175
920417269,0.20896990767734863,0.21576229521055046
920483547,0.21123055862946935,0.21530912155244236
920550269,0.2098249297809374,0.21476070237529188
920617262,0.2089761462368218,0.21418224676144487
920684118,0.22436081257621507,0.2152001033429219
920750286,0.24181282256537553,0.21786137526516725
920817048,0.25463169957609816,0.22153840769626032
920884109,0.28332493410121656,0.22771706033675593
920950263,0.1965113438959371,0.22459648869267404
921016839,0.2403237503957572,0.22616921486298236
921084017,0.22328539827914276,0.2258808332045984
921216834,0.1957546552852835,0.2228682154126669
921283628,0.23955009824363066,0.2245364036957633
921416874,0.16510691478931966,0.21859345480511894
921483638,0.22466997911444034,0.21920110723605107
921551052,0.26700872051813707,0.22398186856425967
921616888,0.2582131588659694,0.22740499759443064
921683648,0.25464647040529054,0.23012914487551664
921817560,0.17175637975631575,0.22429186836359655
921883637,0.19674033996839257,0.22153671552407617
921950380,0.22474066921768088,0.22185711089343665
922017480,0.28316025940032563,0.22798742574412556
922083629,0.22675877920445636,0.22786456109015865
922150321,0.25489896130119155,0.23056800111126194
922283982,0.14963213597469724,0.22247441459760547
922350317,0.24873741140125688,0.22510071427797063
922417268,0.2539200066355727,0.22798264351373082
922484153,0.22426353420940312,0.22761073258329806
922616803,0.162083294721448,0.22105798879711305
922684124,0.23766423562257535,0.22271861347965927
922816853,0.16951683300856268,0.21739843543254964
922884037,0.23815242356701993,0.21947383424599667
922950312,0.2112401201787003,0.21865046283926703
923017074,0.2022104670990636,0.2170064632652467
923083662,0.2477923377380728,0.22008505071252932
923150904,0.2082022986354361,0.21889677550482
923216877,0.2122070993412969,0.2182278078884677
923350805,0.15679998541952142,0.21208502564157308
923416846,0.24227061986262563,0.21510358506367835
923550727,0.17179258811010942,0.21077248536832144
923617416,0.2924023027206598,0.2189354671035553
923683548,0.22682067537917094,0.21972398793111686
923817373,0.14944876462928158,0.21269646560093333
923883547,0.21156253158103966,0.21258307219894396
923950247,0.2398841205922985,0.21531317703827943
924017424,0.20840375373779355,0.21462223470823086
924083515,0.21182822116239375,0.21434283335364715
924150220,0.23985899117528728,0.21689444913581118
924217187,0.22398892716704827,0.21760389693893492
924284093,0.2316693370482597,0.2190104409498674
924350214,0.19660941976212848,0.2167703388310935
924416780,0.24036701684802161,0.2191300066327863
924484028,0.23048760180186312,0.220265766149694
924550257,0.27178616444471326,0.22541780597919595
924616770,0.2555921152896124,0.2284352369102376
924683915,0.2233951371747015,0.227931226936684
924750359,0.21071000845828294,0.2262091050888439
924816795,0.23330827660531547,0.22691902224049107
924883659,0.2093864531287714,0.22516576532931912
924950788,0.1936571592619054,0.22201490472257776
925016773,0.2576373170305065,0.22557714595337064
925083571,0.23204390347840698,0.22622382170587427
925150781,0.2380638423375382,0.22740782376904067
925216803,0.2271949726696581,0.22738653865910244
925283599,0.23953221759307913,0.22860110655250013
925350722,0.2532693467851254,0.23106793057576266
925417355,0.22511167868166185,0.23047230538635258
925483746,0.3012453634756717,0.2375496111952845
925550278,0.2404826851191596,0.23784291858767204
925617313,0.2386782129685701,0.23792644802576185
925683497,0.2266388626495139,0.23679768948813706
925750188,0.26990337354380484,0.24010825789370382
925817219,0.2610720965829917,0.24220464176263262
925883483,0.23391027173083614,0.24137520475945298
925950342,0.2093949799554921,0.23817718227905688
