130,tailgating
131,tailgating
132,tailgating
133,tailgating
134,tailgating
143,tailgating
150,tailgating
162,tailgating
163,tailgating
164,tailgating
171,tailgating
172,tailgating
173,tailgating
174,tailgating
175,tailgating
176,tailgating
177,tailgating
179,tailgating
180,tailgating
181,tailgating
182,tailgating
183,tailgating
184,tailgating
185,tailgating
186,tailgating
187,tailgating
188,tailgating
189,tailgating
190,tailgating
191,tailgating
193,tailgating
195,tailgating
196,tailgating
197,tailgating
198,tailgating
199,tailgating
200,tailgating
201,tailgating
201,tailgating
202,tailgating
202,tailgating
203,tailgating
203,tailgating
204,tailgating
204,tailgating
205,tailgating
205,tailgating
206,tailgating
206,tailgating
207,tailgating
207,tailgating
208,tailgating
208,tailgating
209,tailgating
209,tailgating
211,tailgating
212,tailgating
213,tailgating
213,tailgating
214,tailgating
214,tailgating
215,tailgating
215,tailgating
216,tailgating
216,tailgating
217,tailgating
217,tailgating
218,tailgating
218,tailgating
220,tailgating
220,tailgating
221,tailgating
221,tailgating
222,tailgating
222,tailgating
223,tailgating
224,tailgating
224,tailgating
225,tailgating
226,tailgating
227,overtaking
227,tailgating
235,overtaking
235,tailgating
236,overtaking
236,tailgating
237,overtaking
237,tailgating
242,overtaking
242,tailgating
243,tailgating
243,tailgating
244,tailgating
244,tailgating
245,tailgating
245,tailgating
246,tailgating
246,tailgating
247,tailgating
248,tailgating
249,tailgating
250,tailgating
251,tailgating
252,tailgating
253,tailgating
255,tailgating
257,tailgating
258,tailgating
259,tailgating
260,tailgating
261,tailgating
262,tailgating
263,tailgating
268,tailgating
269,tailgating
270,tailgating
271,tailgating
273,tailgating
274,tailgating
275,tailgating
276,tailgating
277,tailgating
278,tailgating
279,tailgating
280,tailgating
281,tailgating
282,tailgating
283,tailgating
284,tailgating
285,tailgating
287,tailgating
288,tailgating
289,tailgating
290,tailgating
291,tailgating
292,tailgating
293,tailgating
294,tailgating
295,tailgating
296,tailgating
297,tailgating
299,tailgating
300,tailgating
301,tailgating
302,tailgating
304,tailgating
305,tailgating
306,tailgating
307,tailgating
308,tailgating
309,tailgating
310,tailgating
311,tailgating
312,tailgating
313,tailgating
314,tailgating
318,tailgating
321,tailgating
322,tailgating
323,tailgating
324,tailgating
325,tailgating
326,tailgating
327,tailgating
328,tailgating
329,tailgating
330,tailgating
331,tailgating
332,tailgating
333,tailgating
336,tailgating
337,tailgating
350,tailgating
351,tailgating
352,tailgating
354,tailgating
355,tailgating
356,tailgating
357,tailgating
358,tailgating
360,tailgating
361,tailgating
362,tailgating
363,tailgating
364,tailgating
365,tailgating
366,tailgating
367,tailgating
368,tailgating
369,tailgating
370,tailgating
371,tailgating
372,tailgating
373,tailgating
374,tailgating
375,tailgating
376,tailgating
385,tailgating
387,tailgating
389,tailgating
391,tailgating
392,tailgating
395,tailgating
396,tailgating
397,tailgating
398,tailgating
399,tailgating
400,tailgating
401,tailgating
404,tailgating
406,tailgating
407,tailgating
408,tailgating
409,tailgating
411,tailgating
413,tailgating
414,tailgating
416,tailgating
417,tailgating
418,tailgating
419,tailgating
420,tailgating
421,tailgating
428,tailgating
429,tailgating
430,tailgating
431,tailgating
432,tailgating
436,tailgating
440,tailgating
444,tailgating
445,tailgating
446,tailgating
447,tailgating
448,tailgating
449,tailgating
451,tailgating
452,tailgating
453,tailgating
454,tailgating
455,tailgating
456,tailgating
457,tailgating
461,tailgating
462,tailgating
464,tailgating
466,tailgating
468,tailgating
469,tailgating
471,tailgating
472,tailgating
473,tailgating
474,tailgating
475,tailgating
476,tailgating
477,tailgating
478,tailgating
479,tailgating
480,tailgating
481,tailgating
482,tailgating
483,tailgating
484,tailgating
488,tailgating
490,tailgating
491,tailgating
492,tailgating
494,tailgating
497,tailgating
498,tailgating
503,tailgating
505,tailgating
509,tailgating
510,tailgating
511,tailgating
512,tailgating
520,tailgating
521,tailgating
522,tailgating
523,tailgating
525,tailgating
526,tailgating
527,tailgating
528,tailgating
529,tailgating
529,tailgating
530,tailgating
530,tailgating
533,tailgating
534,tailgating
535,tailgating
537,tailgating
538,tailgating
539,tailgating
540,tailgating
541,tailgating
542,tailgating
543,tailgating
545,tailgating
547,tailgating
548,tailgating
549,tailgating
550,tailgating
551,tailgating
552,tailgating
554,tailgating
556,tailgating
559,tailgating
560,tailgating
561,tailgating
569,tailgating
574,tailgating
576,tailgating
577,tailgating
578,tailgating
583,tailgating
584,tailgating
589,tailgating
590,tailgating
591,tailgating
597,tailgating
602,tailgating
604,tailgating
605,tailgating
606,tailgating
607,tailgating
612,tailgating
614,tailgating
618,tailgating
619,tailgating
620,tailgating
622,tailgating
627,tailgating
628,tailgating
629,tailgating
631,tailgating
635,tailgating
642,tailgating
643,tailgating
644,tailgating
645,tailgating
646,tailgating
649,tailgating
650,tailgating
652,tailgating
653,tailgating
654,tailgating
655,tailgating
656,tailgating
657,tailgating
658,tailgating
659,tailgating
660,tailgating
661,tailgating
662,tailgating
663,tailgating
665,tailgating
668,tailgating
672,tailgating
677,tailgating
679,tailgating
680,tailgating
681,tailgating
682,tailgating
683,tailgating
684,tailgating
685,tailgating
686,tailgating
687,tailgating
692,tailgating
693,tailgating
694,tailgating
705,tailgating
707,tailgating
709,tailgating
720,tailgating
724,tailgating
725,tailgating
726,tailgating
732,tailgating
733,tailgating
739,tailgating
746,tailgating
748,tailgating
752,tailgating
753,tailgating
754,tailgating
757,tailgating
758,tailgating
759,tailgating
765,tailgating
766,tailgating
767,tailgating
775,tailgating
779,tailgating
781,tailgating
782,tailgating
783,tailgating
786,tailgating
787,tailgating
788,tailgating
791,tailgating
793,tailgating
794,tailgating
799,tailgating
800,tailgating
817,tailgating
836,tailgating
839,tailgating
840,tailgating
841,tailgating
842,tailgating
850,tailgating
851,tailgating
853,tailgating
855,tailgating
856,tailgating
858,tailgating
867,tailgating
875,tailgating
877,tailgating
879,tailgating
881,tailgating
882,tailgating
883,tailgating
888,tailgating
893,tailgating
894,tailgating
897,tailgating
898,tailgating
899,tailgating
900,tailgating
901,tailgating
903,tailgating
904,tailgating
905,tailgating
906,tailgating
907,tailgating
908,tailgating
909,tailgating
910,tailgating
911,tailgating
912,tailgating
913,tailgating
919,tailgating
922,tailgating
923,tailgating
924,tailgating
925,tailgating
928,tailgating
933,tailgating
949,tailgating
953,tailgating
966,tailgating
967,tailgating
968,tailgating
969,tailgating
970,tailgating
971,tailgating
972,tailgating
978,tailgating
980,tailgating
981,tailgating
984,tailgating
985,tailgating
986,tailgating
987,tailgating
988,tailgating
989,tailgating
991,tailgating
992,tailgating
993,tailgating
994,tailgating
995,tailgating
999,tailgating
1001,tailgating
1002,tailgating
1003,tailgating
1004,tailgating
1005,tailgating
1006,tailgating
1011,tailgating
1012,tailgating
1013,tailgating
1014,tailgating
1016,tailgating
1017,tailgating
1018,tailgating
1019,tailgating
1020,tailgating
1021,tailgating
1022,tailgating
1023,tailgating
1026,tailgating
1027,tailgating
1028,tailgating
1029,tailgating
1031,tailgating
1033,tailgating
1034,tailgating
1035,tailgating
1037,tailgating
1041,tailgating
1057,tailgating
1058,tailgating
1059,tailgating
1060,tailgating
1064,tailgating
1065,tailgating
1066,tailgating
1070,tailgating
1073,tailgating
1074,tailgating
1075,tailgating
1078,tailgating
1079,tailgating
1080,tailgating
1082,tailgating
1086,tailgating
1092,tailgating
1093,tailgating
1094,tailgating
1097,tailgating
1103,tailgating
1110,tailgating
1113,tailgating
1114,tailgating
1115,tailgating
1117,tailgating
1126,tailgating
1129,tailgating
1139,tailgating
1140,tailgating
1144,tailgating
1153,tailgating
1159,tailgating
1160,tailgating
1163,tailgating
1164,tailgating
1165,tailgating
1166,tailgating
1168,tailgating
1169,tailgating
1170,tailgating
1173,tailgating
1174,tailgating
1175,tailgating
1176,tailgating
1177,tailgating
1178,tailgating
1180,tailgating
1183,tailgating
1185,tailgating
1186,tailgating
1187,tailgating
1188,tailgating
1189,tailgating
1191,tailgating
1192,tailgating
1195,tailgating
1197,tailgating
1201,tailgating
1211,tailgating
1212,tailgating
1219,tailgating
1220,tailgating
1221,tailgating
1227,tailgating
1228,tailgating
1229,tailgating
1233,tailgating
1234,tailgating
1239,tailgating
1240,tailgating
1244,tailgating
1246,tailgating
1250,tailgating
1251,tailgating
1257,tailgating
1258,tailgating
1267,tailgating
1271,tailgating
1272,tailgating
1273,tailgating
1274,tailgating
1275,tailgating
1280,tailgating
1284,tailgating
1286,tailgating
1297,tailgating
1298,tailgating
1301,tailgating
1304,tailgating
1307,tailgating
1308,tailgating
1309,tailgating
1313,tailgating
1315,tailgating
1316,tailgating
1317,tailgating
1319,tailgating
1320,tailgating
1321,tailgating
1322,tailgating
1324,tailgating
1329,tailgating
1330,tailgating
1343,tailgating
1352,tailgating
1353,tailgating
1354,tailgating
1357,tailgating
1358,tailgating
1363,tailgating
1374,tailgating
1377,tailgating
1382,tailgating
1383,tailgating
1384,tailgating
1386,tailgating
1387,tailgating
1388,tailgating
1389,tailgating
1391,tailgating
1392,tailgating
1393,tailgating
1396,tailgating
1398,tailgating
1406,tailgating
1407,tailgating
1409,tailgating
1410,tailgating
1414,tailgating
1415,tailgating
1416,tailgating
1420,tailgating
1423,tailgating
1424,tailgating
1425,tailgating
1426,tailgating
1429,tailgating
1432,tailgating
1433,tailgating
1436,tailgating
1440,tailgating
1441,tailgating
1443,tailgating
1445,tailgating
1447,tailgating
1448,tailgating
1449,tailgating
1455,tailgating
1456,tailgating
1458,tailgating
1459,tailgating
1460,tailgating
1461,tailgating
1462,tailgating
1463,tailgating
1464,tailgating
1465,tailgating
1466,tailgating
1467,tailgating
1468,tailgating
1469,tailgating
1470,tailgating
1471,tailgating
1473,tailgating
1474,tailgating
1476,tailgating
1478,tailgating
1479,tailgating
1480,tailgating
1485,tailgating
1486,tailgating
1487,tailgating
1488,tailgating
1490,tailgating
1491,tailgating
1492,tailgating
1493,tailgating
1494,tailgating
1495,tailgating
1496,tailgating
1498,tailgating
1500,tailgating
1501,tailgating
1502,tailgating
1503,tailgating
1507,tailgating
1508,tailgating
1509,tailgating
1513,tailgating
1514,tailgating
1516,tailgating
1518,tailgating
1519,tailgating
1520,tailgating
1524,tailgating
1526,tailgating
1527,tailgating
1532,tailgating
1533,tailgating
1534,tailgating
1535,tailgating
1536,tailgating
1539,tailgating
