724888182,0.02809450768692208,0.010221955247681599,nan
724888182,0.028034569691895557,0.010385212248500647,nan
724888182,-0.041958857247385524,-0.01582154804071424,nan
724888182,0.013954261268575994,0.005354694847281144,nan
724888182,0.027845752209841763,0.010871556544676541,nan
724888182,0.02778535171304583,0.011034670880388179,nan
724888182,0.027720691260457477,0.011196115723708702,nan
724888182,-0.027655092753095335,-0.01135718169589872,nan
724888182,0.0,0.0,nan
724888182,-0.05504218097008883,-0.023356310476615523,nan
724888182,-0.01372798186090783,-0.005919731543380823,nan
724888182,0.027383363047020888,0.01199754806162332,nan
724888182,0.05462296056669437,0.024311827253710352,nan
724888182,-0.054480610823521375,-0.02462916583605818,nan
724888182,0.06791971216745335,0.03118171699995683,nan
724888182,0.013550018886240437,0.006316462277390793,nan
724888182,-0.05404574081574938,-0.025577662612154214,nan
724888182,0.0,0.0,nan
724888182,0.02686905169685565,0.013100790768026876,nan
724888182,21.569434125657477,10.672553514369536,nan
724888182,-0.013359001092861113,-0.006707050217121165,nan
724888182,-0.14651099956194502,-0.07462789345368971,0.1644226124168313
724888182,0.10623578264179073,0.05489367630645381,0.11957991976896261
724888182,0.03971819494285825,0.02081662975585304,nan
724888182,-0.026397095177689123,-0.014031270703363656,nan
724888182,0.0,0.0,nan
724888182,0.09181458134318475,0.05018227846502933,0.10463354347037108
724888182,0.06537133084415392,0.036224884008295405,nan
724888182,0.03909601022977986,0.02196290208565134,nan
724888182,-0.06494546260589153,-0.03698296911629414,nan
724888182,0.05178430858457801,0.029888647117195757,nan
724888182,0.07741204142469514,0.0452827181693038,nan
724888182,0.15429616337185986,0.09146544747343995,0.17936898871541945
724888182,0.0512533190134727,0.03078684874402311,nan
724888182,0.0,0.0,nan
724888182,0.16540021205181102,0.10198982022098513,0.1943171468900594
724888182,-0.05070977481711902,-0.031677509057311225,nan
724888182,0.08841624486186349,0.05594973796952514,0.10463176159432433
724888182,-0.025168151658912865,-0.01613218315805832,nan
724888182,-0.07522314203088552,-0.04883592160126957,nan
724888182,-0.08742642140130075,-0.05748414020661651,0.10463176159432547
724888182,-0.08709054832488033,-0.05799174016015793,0.10463176159432465
724888182,-0.07435946834245893,-0.05014117872040126,nan
724888182,0.1851663286527686,0.1264322262361647,0.22421346323933772
724888182,0.024591339861123412,0.017001639188345335,nan
724888182,0.0244905629331082,0.017143381188977527,nan
724888182,0.10975908395830132,0.0777865492475011,0.1345280779436001
724888182,-0.07286837279570071,-0.05228143999973849,nan
724888182,0.048376782331596126,0.03513734158015827,nan
724888182,-0.07225662915396348,-0.053126715303608504,nan
724888182,0.11990964794155538,0.08924286414909076,0.1494744542421909
724888182,0.1552053086561594,0.1169207669340174,0.19431714689005836
724888182,0.17829490804186737,0.13594779816567368,0.22421168136328823
724888182,0.14200197864808622,0.109587003803398,0.17937077059146928
724888182,0.08246028414444452,0.06440579999618566,0.10463176159432278
724888182,0.046906273216420595,0.037077585884542553,nan
724888182,0.035016997422444594,0.02801208623839921,nan
724888182,-0.05808862909827616,-0.04702514526541397,nan
724888182,0.01156337014835488,0.009472903653378028,nan
724888182,0.09206043819679706,0.07631666221059027,0.119579919768963
724888182,0.10306731394315545,0.08645769226472896,0.13452807794360083
724888182,-0.05697878758406579,-0.04836394197333212,nan
724888182,0.04535799763578064,0.03895635882050096,nan
724888182,0.09025988547115747,0.07843793907724152,0.11957991976896253
724888182,-0.044900367459140916,-0.039480245281891715,nan
724888182,0.15634613970646907,0.13909387742172896,0.20926352318864774
724888182,0.03332917077996769,0.030000557645330616,nan
724888182,-0.011051802180943305,-0.010065043535290644,nan
724888182,-0.09893234625234612,-0.0911576392775786,0.13452629606755417
724888182,-0.021866609562903226,-0.020384665255889334,nan
724888182,-0.09786640963854165,-0.09230368150654325,0.13452807794360333
724888182,0.021627972382975515,0.020637684026367863,nan
724888182,-0.032260689938365776,-0.031144103190601943,nan
724888182,-0.09624074680167458,-0.09399745959468786,0.13452807794359886
724888182,-0.0425303430041363,-0.04202518014274002,nan
724888182,-0.06342710487522604,-0.06340718179190206,nan
724888182,-0.06305592981761347,-0.06377380682674944,nan
724888182,-0.010446690808976537,-0.01068928508370499,nan
724888182,-0.07269652017556893,-0.07525552719587597,0.10463354347037153
724888182,-0.010322854079170662,-0.01081138827691526,nan
724888182,0.0,0.0,nan
724888182,0.020392749293609357,0.02186150743896787,nan
724888182,0.1114527400405211,0.12088215853955186,0.16442083054078435
724888182,0.07047600483885312,0.0773365261457078,0.10463176159432563
724888182,0.09003188797477228,0.09995790854831298,0.1345262960675527
724888182,0.08945007935110899,0.10048127715788747,0.13452807794360214
724888182,0.09873705003808496,0.11222124317960921,0.14947445424218908
724888182,0.03923256097442141,0.045116947202491715,nan
724888182,0.009742941981995143,0.011336777070643926,nan
724888182,-0.0193525052973575,-0.022785164692991283,nan
724888182,-0.0192196331462397,-0.02289735559175013,nan
724888182,-0.0668030935953932,-0.08053275796377322,0.10463354347037351
724888182,0.018951942213113564,0.02311940911273304,nan
724888182,-0.018817132489636276,-0.02322926422077464,nan
724888182,0.02802308577006343,0.0350081954381383,nan
724888182,0.1483670695425748,0.187575695448943,0.2391598395379246
724888182,-0.1472723060579752,-0.1884341911993871,0.23915805766187576
724888182,0.027407902408014346,0.03549188596713146,nan
724888182,0.09066920296888313,0.11883479332244516,0.14947445424219077
724888182,0.05398572619900134,0.07161598910134802,nan
724888182,-0.12499284909077346,-0.1678343906830497,0.20926441412667235
724888182,-0.026574706385535284,-0.03611996766933281,nan
724888182,-0.11424391472944928,-0.1571861365476699,0.19431714689005808
724888182,-0.043587461015057324,-0.060710677479427426,nan
724888182,0.0,0.0,nan
724888182,0.01715107428011889,0.024485175972594968,nan
724888182,0.0,0.0,nan
724888182,0.00843302786368175,0.01234226372528091,nan
724888182,-0.008360590048127428,-0.012390372548471229,nan
724888182,-0.02486511581519375,-0.037316393127978804,nan
724888182,0.01643174670835411,0.024973603894584466,nan
724888182,0.04071596911654464,0.06267266530674098,nan
724888182,0.1371926820172493,0.21388919962036754,0.25410710677454007
724888182,-0.0319873539865168,-0.050513844517411914,nan
724888182,0.03169296617838946,0.05069906505847346,nan
724888182,-0.054945752281956764,-0.08904468699549131,0.1046326525323485
724888182,-0.023325389772506668,-0.03829769408914352,nan
724888182,0.10781169827022911,0.17935504658600648,0.2092644141266725
724888182,0.02287825185414513,0.038566472131674294,nan
724888182,0.007551172607392877,0.012899635269886736,nan
724888182,0.044856480022682096,0.07766083136416121,nan
724888182,-0.06660615514053175,-0.11688106836023181,0.13452718700557806
724888182,-0.04395036675095095,-0.07817821690280069,nan
724888182,-0.01449842693953,-0.026144446385396754,nan
724888182,-0.05021069284985789,-0.09179802993252394,0.10463265253234924
724888182,-0.014193278543801917,-0.026311353152162553,nan
724888182,0.021059762771227102,0.03958981530559023,nan
724888182,0.027771590310746108,0.05294781900226103,nan
724888182,-0.04119508179554387,-0.07966350333783019,nan
724888182,0.12219331543427531,0.23970617396661575,0.2690543740111537
724888182,-0.026843786951807225,-0.053425185119695434,nan
724888182,0.0,0.0,nan
724888182,0.05899583862560865,0.1209010135130993,0.13452718700557698
724888182,-0.019430256350117307,-0.040413516535356866,nan
724888182,-0.031991774911714885,-0.0675439076138511,nan
724888182,0.006319965466206194,0.013546419058923885,nan
724888182,-0.006240685009266101,-0.013582144471985361,nan
724888182,-0.0061615700522617365,-0.013618217663623226,nan
724888182,-0.036493842079087534,-0.08192379397040149,nan
724888182,0.006003075103323232,0.013689796277442712,nan
724888182,0.005922984898009181,0.013723667430418219,nan
724888182,0.005843226194957812,0.01375830014080611,nan
724888182,0.02881495094295548,0.06895905828754688,nan
724888182,0.03977867941214788,0.09677579975991167,0.10463220706333666
724888182,-0.022408646023614837,-0.055431867065580634,nan
724888182,-0.022085811412065726,-0.05556128361780847,nan
724888182,-0.027202705713737316,-0.06961081754728954,nan
724888182,0.01607835340222796,0.041860646004601196,nan
724888182,-0.052782010604219345,-0.13984517091261006,0.14947445424219163
724888182,0.010393554428536712,0.02803005265938737,nan
724888182,0.020460647125643407,0.05618007851710215,nan
724888182,0.020133343009917908,0.05629773115572725,nan
724888182,-0.009902828799178896,-0.02820715879916138,nan
724888182,-0.029215727950545153,-0.08479286333201924,nan
724888182,0.0,0.0,nan
724888182,-0.018818034344943304,-0.05675092613720232,nan
724888182,-0.013865724927305194,-0.04264468084403782,nan
724888182,0.009078189705111464,0.028482795913482142,nan
724888182,0.0,0.0,nan
724888182,0.026239001625798647,0.08576073242110374,nan
724888182,0.01715978310595985,0.0572746117118592,nan
724888182,0.01261967565418802,0.04302988401602551,nan
724888182,-0.0041230093278012015,-0.014367379438353416,nan
724888182,-0.008078724744190979,-0.02878224101557516,nan
724888182,0.003955578726323552,0.014414374588673772,nan
724888182,-0.019358536900381834,-0.07218656500226878,nan
724888182,0.0,0.0,nan
724888182,0.0148139648374048,0.057925691612479534,nan
724888182,0.0,0.0,nan
724888182,-0.014139048827497664,-0.05809411847374521,nan
724888182,-0.006900433710423308,-0.02908769224869847,nan
724888182,0.0033656049004539895,0.01456388748871648,nan
724888182,0.0065615575116189226,0.029166003990412043,nan
724888182,0.0,0.0,nan
724888182,0.0,0.0,nan
724888182,-0.015129025825834879,-0.07319038380653153,nan
724888182,-0.0029405495052695144,-0.01465516859165508,nan
724888182,0.005710581982016014,0.029344489758277633,nan
724888182,-0.008309717385272305,-0.04406603772621289,nan
724888182,0.002684439351605723,0.014704689745026556,nan
724888182,0.005197554202107589,0.029439236092113637,nan
724888182,0.0025131818077029906,0.014734925596398035,nan
724888182,0.00485477569616502,0.02949815212325898,nan
724888182,0.0,0.0,nan
724888182,0.009022525224320056,0.05910527338202876,nan
724888182,0.0,0.0,nan
724888182,-0.002083600496318535,-0.014801781112477309,nan
724888182,-0.0019974015394254425,-0.014813209811957082,nan
724888182,-0.005733648218388061,-0.0444741768912845,nan
724888182,0.0018249279596196167,0.014835445250647459,nan
724888182,-0.015647580962010726,-0.13361406083818647,0.13452718700557623
724888182,-0.024783405889363782,-0.22283774557348898,0.2242116813632866
724888182,-0.004697331879250791,-0.044595540194796245,nan
724888182,0.004437833473243529,0.04462211073126548,nan
724888182,-0.001392755968806918,-0.01488268611310857,nan
724888182,-0.007836809313346947,-0.089341663851179,nan
724888182,0.0,0.0,nan
724888182,0.0011328142918414273,0.014904502280081392,nan
724888182,0.0,0.0,nan
724888182,-0.0057560227203118765,-0.08950003706237226,nan
724888182,-0.15531330144586303,-2.656110912079402,2.6606479283951283
724888182,0.00785727753693876,0.149267798472103,0.14947445424219094
724888182,-0.12440132393717421,-2.6577380814286355,2.660647928395128
724888182,0.0,0.0,nan
724888182,-0.007351769237548534,-0.20913523497693395,0.20926441412667265
724888182,0.004382191912384544,0.1494102033498515,0.1494744542421913
724888182,-0.06323363172175463,-2.6897995187133077,2.6905426856028627
724888182,-0.0005287299233093366,-0.02989030395320827,nan
724888182,0.027145557693679104,2.28680023675793,2.286961347320638
724888182,0.00036189456979362453,0.059788864643077685,nan
724888182,1.4087677274513957e-05,0.05978995822481612,nan
724888182,-0.0005840082177381145,0.10463057721979056,0.10463220706333658
724888182,-0.0011926500556708667,0.10462540963260154,0.10463220706333669
724888182,-0.00025732219561359985,0.0149452748962469,nan
724888182,-0.00826214640645748,0.35864393543238704,0.3587390911033699
724888182,0.0004311796378968461,-0.014941269710322674,nan
724888182,-0.0005180879433876918,0.014938508671204822,nan
724888182,-0.004234842004367312,0.10454647228932674,0.10463220706333647
724888182,0.005534781838607553,-0.11945153884672831,0.11957969703445658
724888182,0.0038934679371299998,-0.07463574227655786,nan
724888182,0.004327569338061043,-0.07461183057246705,nan
724888182,0.0009523076973207218,-0.014917123264435802,nan
724888182,-0.0020781334439265494,0.029822662307986515,nan
724888182,-0.004503145564812047,0.05961991570343947,nan
724888182,0.008487316396809136,-0.10428741158608426,0.10463220706333633
724888182,0.003897363267955842,-0.044672784416110584,nan
724888182,-0.004157165594993056,0.04464935701828744,nan
724888182,-0.01177818404958685,0.11899822823616538,0.11957969703445669
724888182,-0.018705311276167147,0.17839143827466875,0.1793694341844319
724888182,0.006580924500059016,-0.059426683701115354,nan
724888182,0.00519485449258538,-0.04454032576048759,nan
724888182,-0.007271855232384119,0.059346098645716897,nan
724888182,0.0038084786638330863,-0.029651396527214394,nan
724888182,0.01194270250320259,-0.0888862210280241,nan
724888182,0.004153188293212709,-0.029605081535913447,nan
724888182,0.00865067042028892,-0.05916084181506729,nan
724888182,0.0022486678799139305,-0.014777379646019296,nan
724888182,0.0,0.0,nan
724888182,0.004840874480938314,-0.029500436607053523,nan
724888182,0.0050124010271815015,-0.029471777375816223,nan
724888182,0.0,0.0,nan
724888182,-0.01338730877608265,0.07352845083016556,nan
724888182,0.0,0.0,nan
724888182,-0.0028483765417236513,0.014673588774164838,nan
724888182,0.005867373617561391,-0.02931354213633892,nan
724888182,0.009056648418900118,-0.0439181540079491,nan
724888182,-0.003104006635774396,0.01462164830796487,nan
724888182,0.0031890104321705723,-0.01460334444229304,nan
724888182,0.0032739063139985355,-0.014584546406518743,nan
724888182,0.006717382816845242,-0.029130509673517883,nan
724888182,0.006886725692712676,-0.02909094077166115,nan
724888182,0.003527865192594448,-0.01452497728141564,nan
724888182,0.0,0.0,nan
724888182,0.007393278092732769,-0.0289661172329482,nan
724888182,0.011342564364315544,-0.04338425223018183,nan
724888182,0.0038649150452927643,-0.014439178928505858,nan
724888182,0.0,0.0,nan
724888182,0.008065220627050462,-0.028786259304508312,nan
724888182,-0.016465137621394007,0.057477925428564995,nan
724888182,0.025198856379287492,-0.08607186600211975,nan
724888182,0.012849529558069013,-0.04296180538787715,nan
724888182,0.004366430820142841,-0.014295514622763917,nan
724888182,0.00889903217638995,-0.028539745129740553,nan
724888182,-0.004532450786777966,0.014243747621401058,nan
724888182,-0.004615232109421735,0.014217140676412688,nan
724888182,-0.018791429019386418,0.05676021052107971,nan
724888182,0.004780323427057423,-0.014162484399619943,nan
724888182,0.004862627835439143,-0.014134436917357662,nan
724888182,0.0,0.0,nan
724888182,-0.015080220677153009,0.042230724031906565,nan
724888182,-0.01021708530826166,0.028094857065852324,nan
724888182,-0.005190172211935122,0.014017473697039545,nan
724888182,0.0,0.0,nan
724888182,-0.005352901672441372,0.013956142021415518,nan
724888182,0.016301988205372035,-0.041774301771335225,nan
724888182,0.038604263886404186,-0.09725024197776472,0.1046322070633365
724888182,0.01119126094226469,-0.027721210368039585,nan
724888182,-0.011352245435044567,0.027655434042732123,nan
724888182,0.005756507466516211,-0.013794566982137511,nan
724888182,0.005836655127446758,-0.013760847116365705,nan
724888182,0.005916605278794824,-0.01372666159019302,nan
724888182,0.005996355215086186,-0.013692011560440866,nan
724888182,0.01215180447524348,-0.027313796399300143,nan
724888182,-0.006155243654568571,0.013621322696039601,nan
724888182,0.0,0.0,nan
724888182,-0.012626597878489045,0.027097580182774895,nan
724888182,-0.0191759271272372,0.0405353049928133,nan
724888182,0.0,0.0,nan
724888182,0.019646318800324455,-0.040309667147307396,nan
724888182,0.03313402417452517,-0.06699096625480337,nan
724888182,-0.013409303973414251,0.026718914511925013,nan
724888182,0.020346757520692177,-0.03996068776090872,nan
724888182,0.0,0.0,nan
724888182,0.0,0.0,nan
724888182,0.04909556136430364,-0.09239872623185244,0.1046322070633365
724888182,0.0,0.0,nan
724888182,-0.043000454648119565,0.07870393497129477,nan
724888182,0.007242944596972202,-0.01307544301360127,nan
724888182,0.03659431022059667,-0.06516524823269668,nan
724888182,0.0,0.0,nan
724888182,0.06723003998173571,-0.11652332713962335,0.13452718700557692
724888182,0.022635503742021924,-0.03870996128123149,nan
724888182,0.007620138646266674,-0.012859274608173583,nan
724888182,-0.01538962807872119,0.02562945909194347,nan
724888182,0.046615258491748954,-0.07661831475344667,nan
724888182,0.007843381141041413,-0.012724340010904145,nan
724888182,-0.07125529242346058,0.11410629844702103,0.1345271870055771
724888182,0.0719178602082178,-0.113689865101093,0.13452718700557698
724888182,0.03225693977495245,-0.05034212092614847,nan
724888182,-0.016274620821684835,0.02507681285286025,nan
724888182,-0.016420221030608115,0.024981716655445334,nan
724888182,0.01656514216660918,-0.024885589675742645,nan
724888182,-0.0501291242526339,0.07436678950697571,nan
724888182,0.050560878818965156,-0.07407392262439419,nan
724888182,0.0,0.0,nan
724888182,0.05998913523777247,-0.08572748922235587,0.10463220706333637
724888182,-0.060486809864779376,0.08537707296064277,0.10463220706333634
724888182,-0.06098243764743944,0.08502376758013638,0.10463220706333634
724888182,0.026346914005809054,-0.036286185116393394,nan
724888182,-0.03541006718562704,0.04817640963061963,nan
724888182,0.017844858718660535,-0.023984804419841056,nan
724888182,0.08092822593252852,-0.10746248783201993,0.13452718700557673
724888182,0.04530659666331195,-0.05943875349078399,nan
724888182,0.03652124815516326,-0.04733931877046958,nan
724888182,0.03679601012319159,-0.04712606823698687,nan
724888182,0.12974355140468755,-0.16418954256796847,0.2092644141266726
724888182,-0.0560127535437625,0.07004227238144495,nan
724888182,0.047016020144779826,-0.058096015074150485,nan
724888182,-0.009470663795776973,0.01156434104063439,nan
724888182,-0.03815110022465704,0.04603621242713233,nan
724888182,0.0960453493909158,-0.11453341578499159,0.149474454242191
724888182,-0.08703909939281672,0.10257562683464728,0.13452718700557684
724888182,0.04868567133442328,-0.0567041314585343,nan
724888182,-0.0686207901049606,0.07898817969020035,0.10463242979784249
724888182,-0.05921052304739643,0.06736068913219768,nan
724888182,-0.07946854057355322,0.08935353939247197,0.11957969703445696
724888182,0.029995172953998013,-0.033333717275312084,nan
724888182,0.050314137823149606,-0.05526428008092876,nan
724888182,-0.030380799901146525,0.03298233056374296,nan
724888182,0.0917167507560102,-0.09841545444895025,0.13452718700557706
724888182,-0.08203349088998671,0.08700465685958957,0.11957969703445673
724888182,0.11349011291193946,-0.11897328798957889,0.16442216694781772
724888182,-0.16608016546691773,0.17208860471234477,0.23915917133440737
724888182,0.010442430462430452,-0.01069500362197411,nan
724888182,-0.0315134046448617,0.03190223245511026,nan
724888182,0.19019023668172266,-0.19030977428957144,0.26905415127664783
724888182,0.07439216827907416,-0.07357787747470555,0.10463220706333624
724888182,0.0,0.0,nan
724888182,-0.13973724842324514,0.13502802826219074,0.1943169241555524
724888182,0.1945667794507115,-0.18583332453764081,0.269054374011154
724888182,-0.08695309652648503,0.08208814133179189,0.11957969703445674
724888182,-0.13114363502334797,0.12237132389782383,0.1793694341844318
724888182,-0.08790223351104905,0.0810709645102452,0.1195796970344566
724888182,0.06627921996421134,-0.06041865176289975,nan
724888182,-0.08883947232025785,0.0800428141728573,0.11957969703445659
724888182,0.011162969567787043,-0.009940601936774507,nan
724888182,0.0,0.0,nan
724888182,-0.11277847250047111,0.09810043423832808,0.14947467697669747
724888182,-2.323616977052884,1.9975748152982018,3.0642292666773527
724888182,0.022782294269720386,-0.01935622835981375,nan
724888182,-2.174989922994598,1.8262303027199434,2.840017303415707
724888182,-2.2315886839658146,1.8517270752563786,2.8998070997295353
724888182,0.023116776329511,-0.01895585603127257,nan
724888182,2.3226607985071936,-1.8821024067909164,2.989492039556258
724888182,0.0,0.0,nan
724888182,2.156848138048144,-1.7065566999756165,2.7503326454873442
724888182,2.24916916911142,-1.7584260064605883,2.854964793386827
724888182,2.4131385859533956,-1.8641034088095985,3.049281776706233
724888182,0.02376418073690218,-0.01813762772941421,nan
724888182,2.016950741157922,-1.520919264428896,2.5261206822256983
724888182,0.0,0.0,nan
724888182,0.0,0.0,nan
724888182,-0.0241797012806314,0.017579770599342227,nan
724888182,0.0,0.0,nan
724888182,0.0,0.0,nan
724888182,0.0,0.0,nan
724888182,0.0,0.0,nan
724888182,0.0,0.0,nan
724888182,0.0,0.0,nan
724888182,0.0,0.0,nan
724888182,0.0,0.0,nan
724888182,0.0,0.0,nan
724888182,0.0,0.0,nan
724888182,0.0,0.0,nan
724888182,0.0,0.0,nan
724888182,0.0,0.0,nan
724888182,0.0,0.0,nan
724888182,0.0,0.0,nan
724888182,0.0,0.0,nan
724888182,0.0,0.0,nan
724888182,0.0,0.0,nan
724888182,0.0,0.0,nan
724888182,0.0,0.0,nan
724888182,0.0,0.0,nan
724888182,0.0,0.0,nan
724888182,0.0,0.0,nan
724888182,0.0,0.0,nan
724888182,0.0,0.0,nan
724888182,0.0,0.0,nan
724888182,0.0,0.0,nan
724888182,0.0,0.0,nan
724888182,0.0,0.0,nan
724888182,0.0,0.0,nan
724888182,0.0,0.0,nan
724888182,0.0,0.0,nan
724888182,0.0,0.0,nan
724888182,0.0,0.0,nan
724888182,0.0,0.0,nan
724888182,0.0,0.0,nan
724888182,0.0,0.0,nan
724888182,0.0,0.0,nan
724888182,0.0,0.0,nan
724888182,0.0,0.0,nan
724888182,0.0,0.0,nan
724888182,0.0,0.0,nan
724888182,0.0,0.0,nan
724888182,0.0,0.0,nan
724888182,0.0,0.0,nan
724888182,0.0,0.0,nan
724888182,0.0,0.0,nan
724888182,0.0,0.0,nan
725088530,0.004690155652499617,0.0017064745080690306,nan
725088530,0.0,0.0,nan
725088530,0.0,0.0,nan
725088530,0.0,0.0,nan
725088530,-0.009298364189263799,-0.00363027334635437,nan
725088530,0.0,0.0,nan
725088530,0.004627749959358994,0.001869102887751616,nan
725088530,0.01385149723397212,0.005688426802648695,nan
725088530,0.0,0.0,nan
725088530,0.027568760092967215,0.011698383109794642,nan
725088530,0.018333130676553018,0.007905547447137997,nan
725088530,-0.01371539704780684,-0.0060091645786072906,nan
725088530,0.009120501584140631,0.004059392912437824,nan
725088530,0.009096733171653484,0.004112379550529391,nan
725088530,-0.004535787717835577,-0.002082365258567662,nan
725088530,0.02261906630387167,0.010544079698907326,nan
725088530,0.018047168458454537,0.008540994701298387,nan
725088530,0.008997516765134106,0.004322401326413109,nan
725088530,0.004486110237117985,0.002187334046688732,nan
725088530,-7.238340272013518,-3.5815299306525348,8.075947408051434
725088530,0.008921249666698196,0.004479022727679303,nan
725088530,0.0,0.0,nan
725088530,0.022171605510212498,0.011456412385795221,nan
725088530,0.026525714854874118,0.013902343395454042,nan
725088530,0.004407574138917266,0.0023428284616925357,nan
725088530,-0.01318108917486283,-0.007105002693604016,nan
725088530,-0.008760038270067093,-0.0047878961424408185,nan
725088530,-0.013097536770690317,-0.007257871978218766,nan
725088530,-0.017406966301811964,-0.00977868315073488,nan
725088530,0.0,0.0,nan
725088530,-0.008645753345534458,-0.004990119166792378,nan
725088530,0.0,0.0,nan
725088530,-0.042936075124701586,-0.025452138525112786,nan
725088530,-0.004278933001847466,-0.0025702698995754667,nan
725088530,0.004263908958848342,0.0025951176045823214,nan
725088530,-0.03823714624807694,-0.023577960531170568,nan
725088530,0.029632990361247582,0.01851121058906318,nan
725088530,-0.02108886018478505,-0.013345015989517539,nan
725088530,0.004201874119179989,0.0026933007960366056,nan
725088530,0.02511881039495414,0.016307484931451954,nan
725088530,0.04587579467877624,0.030164000437579188,nan
725088530,-0.045700045227938295,-0.030430686212696657,nan
725088530,-0.008276638571232864,-0.005581002971849245,nan
725088530,-0.06183147599775827,-0.04221875121002284,nan
725088530,-0.057479018087775204,-0.0397390923775376,nan
725088530,-0.004089236755214553,-0.0028624635806894856,nan
725088530,-0.03257867312259518,-0.023088590664911843,nan
725088530,-0.020277322139845885,-0.0145485285335251,nan
725088530,0.04038469617139065,0.02933247718417116,nan
725088530,0.04021338146453325,0.029566904704472954,nan
725088530,0.0,0.0,nan
725088530,-0.02391972014505942,-0.018019435342918128,nan
725088530,0.011907010260363404,0.009078957135738861,nan
725088530,-0.043466219034086095,-0.03354412914493496,nan
725088530,-0.011801047824149225,-0.009217236319198041,nan
725088530,0.015662662287942802,0.012380725782291815,nan
725088530,-0.007795188372800069,-0.006235814176446601,nan
725088530,0.027155967589505104,0.02198387774927297,nan
725088530,-0.03861102381093033,-0.03163078789545567,nan
725088530,-0.011528002464782978,-0.009556533591410855,nan
725088530,-0.007648447660019147,-0.0064158762734178995,nan
725088530,0.034248121732942595,0.029070014340755807,nan
725088530,-0.011359479213686574,-0.009756249643465466,nan
725088530,-0.03767481208871379,-0.03274028766971353,nan
725088530,0.014993309059157,0.013183400331442479,nan
725088530,-0.03729135845852586,-0.03317638447651035,nan
725088530,0.007419458653316308,0.006678470895523984,nan
725088530,-0.014760966907302279,-0.013443035996530033,nan
725088530,-0.007341258502000729,-0.006764337648093085,nan
725088530,0.003651110175816653,0.0034036670628931716,nan
725088530,0.007262497518924203,0.006849697055452048,nan
725088530,-0.010833362914071467,-0.010337331526259414,nan
725088530,0.0,0.0,nan
725088530,-0.010712364156000315,-0.010462668364286496,nan
725088530,-0.014201477836252667,-0.014032796874069428,nan
725088530,0.007059803336063137,0.00705758578174843,nan
725088530,0.0386026678693453,0.03904215021200198,nan
725088530,0.02790928333703222,0.028557395976069853,nan
725088530,0.04161423941042072,0.04307911187665058,nan
725088530,-0.006893685977943029,-0.007219933091665043,nan
725088530,0.006851569907633629,0.007259912534695792,nan
725088530,0.01361844396703282,0.014599292611605204,nan
725088530,-0.040600265160341605,-0.04403523581453271,nan
725088530,-0.01344767262758646,-0.014756742924635432,nan
725088530,-0.0033402016228358663,-0.0037084590344465796,nan
725088530,-0.0033189680798264218,-0.003728271164502293,nan
725088530,-0.006594448025239036,-0.007495030033713431,nan
725088530,0.006550346301809546,0.007532815113687208,nan
725088530,0.03253246761359611,0.03785441128304375,nan
725088530,0.009693590756931394,0.011412995809555534,nan
725088530,0.00962703563984772,0.011469191771912858,nan
725088530,0.02549361936818757,0.03073317967328955,nan
725088530,0.0031644425198481298,0.0038602925445539032,nan
725088530,0.03455939121912557,0.04266267617450891,nan
725088530,0.012476525598666535,0.015586457898710647,nan
725088530,-0.021675433736657892,-0.027403551002565356,nan
725088530,0.015368116653064612,0.019663429665031908,nan
725088530,-0.033557782804813883,-0.04345567869031821,nan
725088530,-0.024221188057925475,-0.03174528707256296,nan
725088530,-0.02704078175082929,-0.03587156212404836,nan
725088530,0.05962581876603104,0.08006268386047598,nan
725088530,-0.029579536651575915,-0.04020409076317503,nan
725088530,0.03521412559114547,0.0484504786682501,nan
725088530,0.03493168609462526,0.048654504734074934,nan
725088530,0.008662102181344234,0.012214342426498445,nan
725088530,0.0,0.0,nan
725088530,0.0,0.0,nan
725088530,0.01126328929763098,0.01648452835359114,nan
725088530,-0.00279196784601961,-0.0041376890334774525,nan
725088530,0.011070909294957966,0.016614698544150694,nan
725088530,0.021948143582112566,0.03335763712584737,nan
725088530,-0.005438512503720071,-0.008371311829433402,nan
725088530,-0.01347406734527737,-0.021006641445714565,nan
725088530,-0.018692233162709192,-0.029518432817615996,nan
725088530,-0.021166082319768215,-0.03385926639124856,nan
725088530,-0.002621055914874096,-0.004247664175021154,nan
725088530,0.007788906808006413,0.01278851813972583,nan
725088530,-0.028286374973998316,-0.04705708362458556,nan
725088530,-0.025465626034696792,-0.04292807698088186,nan
725088530,-0.022693958564636386,-0.03876799055383226,nan
725088530,-0.024964472920067118,-0.043221441373914524,nan
725088530,0.019770158869411213,0.034692849113311365,nan
725088530,-0.002445964910584703,-0.0043508436778219774,nan
725088530,-0.01210321436640154,-0.0218252532094088,nan
725088530,0.014371230031113163,0.02627429596536709,nan
725088530,0.0,0.0,nan
725088530,0.00937643294686918,0.017626563633421487,nan
725088530,-0.02086573763416594,-0.03978149206583216,nan
725088530,0.0022926481162784365,0.004433548202916155,nan
725088530,-0.02946891348693501,-0.05780905835807242,nan
725088530,0.006722737799765203,0.013379763149977556,nan
725088530,0.0,0.0,nan
725088530,0.0,0.0,nan
725088530,-0.015139457382706898,-0.031488967528144604,nan
725088530,0.0149560251922584,0.03157650323072317,nan
725088530,0.006330786570457263,0.013569613364912208,nan
725088530,-0.0020839143280936743,-0.00453540363427782,nan
725088530,0.0,0.0,nan
725088530,-0.008124152827093788,-0.01823763639214825,nan
725088530,0.0,0.0,nan
725088530,0.0,0.0,nan
725088530,-0.003902328454890262,-0.009188315553609126,nan
725088530,-0.025017253369749793,-0.05987052474023548,nan
725088530,-0.009487888093735158,-0.023082665686065037,nan
725088530,0.0018707238989380244,0.004627576265565547,nan
725088530,0.011062472816888252,0.027829866796636665,nan
725088530,0.018167271097837164,0.04648944141924269,nan
725088530,0.00715863240514069,0.018637790169927754,nan
725088530,0.0070500924693982754,0.018679117658581296,nan
725088530,-0.008676616594069719,-0.02339969658207979,nan
725088530,-0.006832300563782367,-0.018759874981894756,nan
725088530,-0.0016807389456860494,-0.00469975548822577,nan
725088530,0.0049601632567982225,0.014128499592547967,nan
725088530,0.004877891736447395,0.01415711455340455,nan
725088530,0.001598516809338956,0.004728510760264942,nan
725088530,0.0015709364902402713,0.00473758837345412,nan
725088530,-0.004630143942407376,-0.014240222687317316,nan
725088530,0.004547228095948733,0.014266915986127438,nan
725088530,0.0,0.0,nan
725088530,0.0,0.0,nan
725088530,0.005730062938346516,0.019125365854089624,nan
725088530,-0.002809355436481401,-0.009579187445397272,nan
725088530,0.005507168673124844,0.019190735617373635,nan
725088530,0.005395399914286656,0.01922230372065515,nan
725088530,-0.0066043915355210965,-0.024066813002543767,nan
725088530,0.0012928790259798828,0.004821051111932097,nan
725088530,0.001264812375288409,0.004828490411608897,nan
725088530,-0.003710035059885467,-0.01450701072327256,nan
725088530,-0.0036255828355326617,-0.014528347097086041,nan
725088530,0.002360683674427584,0.009699509403667827,nan
725088530,0.0,0.0,nan
725088530,-0.0011238561575122904,-0.004863231162190894,nan
725088530,-0.002191061348677389,-0.009739227908252423,nan
725088530,-0.0010672007676774506,-0.004875977083739287,nan
725088530,0.0031164243097618312,0.014646162454149094,nan
725088530,0.0,0.0,nan
725088530,0.003927738413783658,0.019575140134442736,nan
725088530,0.0,0.0,nan
725088530,0.0018498667035530257,0.009809755514875536,nan
725088530,-0.00268914252634618,-0.01473045256411736,nan
725088530,-0.003471201753310837,-0.01966107980127278,nan
725088530,0.002517584936866159,0.01476074138911674,nan
725088530,-0.0008105750708212252,-0.004925143455194584,nan
725088530,0.0,0.0,nan
725088530,-0.0030128374629756027,-0.01973666767090815,nan
725088530,0.0021734707079300985,0.014815321304396072,nan
725088530,0.0006957641543923889,0.004942669546019149,nan
725088530,0.00133398039041564,0.009893119144159216,nan
725088530,0.005105613243407689,0.03960269934203217,nan
725088530,-0.0030469722898548712,-0.02476984932369851,nan
725088530,0.006966797421302664,0.05948920135049711,nan
725088530,0.004413742493584058,0.039685765193164385,nan
725088530,-0.0005228609615632804,-0.004963938598991249,nan
725088530,-0.0009879375616217395,-0.009933644319024217,nan
725088530,0.0009301353509955416,0.009939223224748392,nan
725088530,0.0008723016650396025,0.009944465791972642,nan
725088530,-0.0008144384608178488,-0.009949371843291832,nan
725088530,-0.0011348215445896553,-0.014930911819030489,nan
725088530,-0.002095888787083784,-0.029874447042573717,nan
725088530,0.0012813826475651833,0.019924138597206795,nan
725088530,0.05419374442915094,0.926801469060809,0.9283845781724973
725088530,-0.0055098446772669785,-0.10467269114937067,0.10481760663561798
725088530,0.0,0.0,nan
725088530,-0.0020436674859687642,-0.04987132192493846,nan
725088530,-0.028407073817302033,-0.8080939248536013,0.8085930702325859
725088530,-0.02502277653566345,-0.8531479691716642,0.8535148485218572
725088530,0.02041138494399242,0.8682489350004301,0.8684888242025415
725088530,-0.0006179432714678157,-0.03493373723659365,nan
725088530,0.0013033996830105583,0.10980119610483446,0.10980893186251284
725088530,-0.00036253536670225974,-0.059894731165628684,nan
725088530,-1.5288675231891393e-05,-0.06488715177208702,nan
725088530,-0.0001671555077575091,0.02994748486566351,nan
725088530,0.0003413608310081582,-0.029945931421320397,nan
725088530,-0.0005155550179079966,0.029943438996395746,nan
725088530,0.00022991115721462336,-0.009980002552220849,nan
725088530,-0.0008638851592548816,0.029935414450763538,nan
725088530,0.0005190059521519595,-0.014964978466652134,nan
725088530,0.0018181490567946374,-0.044885044067292115,nan
725088530,0.00023102497247873437,-0.004985975830539875,nan
725088530,0.001040100923370635,-0.01993819024885134,nan
725088530,-0.0017340958337967638,0.029897629463664435,nan
725088530,-0.0015899918456499268,0.024905925277866725,nan
725088530,-0.0003469692872704789,0.004979250931046563,nan
725088530,0.0030074221113475185,-0.039817112323501505,nan
725088530,-0.001214624759307283,0.01492463180047694,nan
725088530,-0.0008676153492573324,0.00994487575026858,nan
725088530,0.0013881772489399966,-0.014909490655661389,nan
725088530,0.002458140831247165,-0.02483527192663023,nan
725088530,0.0041641038148990586,-0.0397128097842107,nan
725088530,-0.0005493821125971413,0.004960998570348062,nan
725088530,0.0023129267519060373,-0.019830875174094178,nan
725088530,-0.001821176042921074,0.014862739925444736,nan
725088530,0.0006358616867015481,-0.00495058228575594,nan
725088530,-0.0019939773298629213,0.014840620003683191,nan
725088530,-0.001386849132530514,0.009885846426388812,nan
725088530,0.0007221665574247802,-0.004938805825700587,nan
725088530,-0.0007508841108177865,0.004934521311409832,nan
725088530,0.0007795762546562162,-0.0049300698153081305,nan
725088530,0.0032329560283270325,-0.019701732557330234,nan
725088530,-0.003347521723396005,0.01968266594345334,nan
725088530,0.002596471572173393,-0.014747144912172886,nan
725088530,0.002682213988459467,-0.014731791330515281,nan
725088530,0.0009226218799744707,-0.004905313077391619,nan
725088530,0.0,0.0,nan
725088530,-0.0019592567052751945,0.009788494432004365,nan
725088530,0.0030242470372239894,-0.014665397285568916,nan
725088530,-0.0031095066774803623,0.014647556653190815,nan
725088530,-0.003194661093536967,0.014629220354590711,nan
725088530,0.0010932358012698707,-0.00487012967008674,nan
725088530,0.0022430784412542327,-0.009727303030513244,nan
725088530,-0.0034494641990549424,0.014571243750111576,nan
725088530,-0.0011780387588084791,0.00485023811120644,nan
725088530,0.0012062513618199319,-0.004843375390442487,nan
725088530,-0.0012344055914981131,0.00483627649709093,nan
725088530,0.0012624992365421707,-0.004828941988716074,nan
725088530,-0.0012905877844806598,0.0048215879843870185,nan
725088530,-0.003955821890982872,0.014441924852232703,nan
725088530,0.002693190574958332,-0.009612493672793801,nan
725088530,0.0013745311602192545,-0.00479833216964212,nan
725088530,-0.0014024205194906225,0.004790255129651107,nan
725088530,-0.0028605248430619698,0.009564031979493254,nan
725088530,0.0029161118483676026,-0.009547230057475143,nan
725088530,0.0,0.0,nan
725088530,0.0015134939709217597,-0.004756328786009105,nan
725088530,0.009246796869382618,-0.028484593793202374,nan
725088530,0.0031374543115628077,-0.009476797482557236,nan
725088530,-0.0031925053890231817,0.009458315626056686,nan
725088530,0.0016237480025691005,-0.004719827321501174,nan
725088530,-0.0016511764707068258,0.0047103018781411675,nan
725088530,0.0,0.0,nan
725088530,0.003411729711342331,-0.009381546272299132,nan
725088530,-0.005199368765607847,0.01404231149508347,nan
725088530,0.0,0.0,nan
725088530,-0.0035748977442515103,0.009320511319621699,nan
725088530,0.0036290560664343323,-0.00929955790388589,nan
725088530,-0.011049329631992098,0.02783500764488762,nan
725088530,-0.005605545463132525,0.013885165024099758,nan
725088530,-0.0018954075668886998,0.0046174405979956526,nan
725088530,0.0,0.0,nan
725088530,0.0038979981300667696,-0.009190153462295566,nan
725088530,0.007902755908516504,-0.01833457715607499,nan
725088530,0.0,0.0,nan
725088530,-0.0020288894104214922,0.004560365695963041,nan
725088530,-0.008221533646141692,0.018193944729924423,nan
725088530,0.0,0.0,nan
725088530,-0.006324454166110539,0.013572730004368571,nan
725088530,0.00853774628006102,-0.018047635825751876,nan
725088530,0.00432130990849002,-0.008998866081753432,nan
725088530,-0.013120721043612045,0.026920661492672936,nan
725088530,-0.008851422355441878,0.01789596498140752,nan
725088530,0.0,0.0,nan
725088530,-0.01132378349082455,0.02223971932081977,nan
725088530,-0.0022905927338488074,0.004434694177536316,nan
725088530,0.0,0.0,nan
725088530,-0.007026059288828307,0.0132231694816556,nan
725088530,0.0,0.0,nan
725088530,0.007179423482806179,-0.013140532665202287,nan
725088530,0.00967437132353772,-0.017464815482119884,nan
725088530,-0.0048879015398558415,0.008704121358254428,nan
725088530,-0.009876904027444629,0.01735108086439674,nan
725088530,-0.012472088431912035,0.0216166648251408,nan
725088530,-0.0050390499120348264,0.008617498828927503,nan
725088530,0.017811790846410595,-0.030058076419588957,nan
725088530,0.010277931480169769,-0.017116581575160324,nan
725088530,-0.010377327295523492,0.01705650370186603,nan
725088530,-0.013095425906487577,0.02124474749159352,nan
725088530,0.002643765520855173,-0.004233654614086246,nan
725088530,-0.016010091547072492,0.025309222812984065,nan
725088530,0.0026928012394965227,-0.004202547624622569,nan
725088530,0.016303458096784653,-0.025121246880465766,nan
725088530,-0.005483105432391138,0.008341994060165055,nan
725088530,-0.002765728430348757,0.004154916521690343,nan
725088530,-0.005579785956776634,0.008277638477192801,nan
725088530,-0.0028138799740862358,0.004122458555776039,nan
725088530,0.008513524540545176,-0.012318182502636325,nan
725088530,0.011446773128684879,-0.016358014099229788,nan
725088530,0.008656302350280457,-0.012218362300499186,nan
725088530,0.008727231928968671,-0.01216780056311412,nan
725088530,0.005865200422185096,-0.00807782453069212,nan
725088530,0.011824270293617278,-0.01608725807444089,nan
725088530,0.00893819476576148,-0.012013592077311107,nan
725088530,0.012010586108837104,-0.015948545130007125,nan
725088530,0.015129003816526867,-0.019848083825282213,nan
725088530,-0.03658600620187305,0.047423258996256,nan
725088530,0.030717743321203778,-0.03934139769487964,nan
725088530,-0.034040644715915724,0.043078194053681566,nan
725088530,0.021821342431141665,-0.02728693580644383,nan
725088530,-0.0031399645993902877,0.003879941988640082,nan
725088530,0.034787251299259296,-0.042477660126660585,nan
725088530,0.03821865334406134,-0.04611772750105426,nan
725088530,-0.012828728277206105,0.015298169865420829,nan
725088530,0.04844072031555394,-0.057087415717215824,nan
725088530,0.05202345899036626,-0.06059164794615109,nan
725088530,0.009820340062887681,-0.011304020025414571,nan
725088530,0.0032953103601835072,-0.0037489007923261694,nan
725088530,0.006634125042062825,-0.007459336097054614,nan
725088530,-0.033386974590461534,0.037103035657880146,nan
725088530,-0.016801096764163016,0.018454067930272402,nan
725088530,0.010144877384284363,-0.011013590837168167,nan
725088530,-0.06805867553361993,0.07302946764493778,nan
725088530,0.041089449219648355,-0.043579437996846264,nan
725088530,-0.013780771147731775,0.014446576996092551,nan
725088530,0.041593624340614664,-0.04309839623282166,nan
725088530,0.010460881621161025,-0.010713901062581131,nan
725088530,0.01403072274384686,-0.01420384066817707,nan
725088530,-0.03881109526825525,0.03883548866282318,nan
725088530,0.0,0.0,nan
725088530,0.017845579093353988,-0.01744605349288846,nan
725088530,0.010768036677794518,-0.010405148070853788,nan
725088530,-0.03248525593475369,0.031027100956567345,nan
725088530,-0.054441974605003766,0.0513959903014628,nan
725088530,-0.003649342692164963,0.003405235004486373,nan
725088530,0.07705071983832225,-0.07106276967031001,0.10481760663561804
725088530,-0.0036886575967780668,0.0033624976113577074,nan
725088530,-0.04820662720520137,0.04343332983086933,nan
725088530,-0.05964121915931764,0.05311038564483307,nan
725088530,-0.0936705712013887,0.08244148291812611,0.12478290754319725
725088530,0.06778697272333847,-0.05896454626864559,nan
725088530,0.10976307334100792,-0.09436148604569967,0.14474813407438542
725088530,0.04944935736701178,-0.042013023012964855,nan
725088530,0.022935187957858226,-0.019257530715153584,nan
725088530,0.007682236454013841,-0.00637456415809507,nan
725088530,-0.04245573675597465,0.03481388677107506,nan
725088530,0.0,0.0,nan
725088530,-0.7480655520926819,0.5989984698937463,0.958332529533866
725088530,-0.80242268567995,0.6348985755199147,1.0232196087307166
725088530,-0.007864414035363101,0.006148488230798382,nan
725088530,0.0,0.0,nan
725088530,0.722122618229626,-0.5511484435102082,0.9084193318850801
725088530,0.0,0.0,nan
725088530,-0.008005339701826751,0.005963845395568094,nan
725088530,-0.008039896834206079,0.005917176230196753,nan
725088530,0.008074181900370962,-0.005870306830447992,nan
725088530,-0.008108193740131367,0.005823238782359597,nan
725088530,-0.008141931202543121,0.005775973678691506,nan
725088530,0.0,0.0,nan
725088530,0.0,0.0,nan
725088530,0.0,0.0,nan
725088530,0.0,0.0,nan
725088530,0.0,0.0,nan
725088530,0.0,0.0,nan
725088530,0.0,0.0,nan
725088530,0.0,0.0,nan
725088530,0.0,0.0,nan
725088530,0.0,0.0,nan
725088530,0.0,0.0,nan
725088530,0.0,0.0,nan
725088530,0.0,0.0,nan
725088530,0.0,0.0,nan
725088530,0.0,0.0,nan
725088530,0.0,0.0,nan
725088530,0.0,0.0,nan
725088530,0.0,0.0,nan
725088530,0.0,0.0,nan
725088530,0.0,0.0,nan
725088530,0.0,0.0,nan
725088530,0.0,0.0,nan
725088530,0.0,0.0,nan
725088530,0.0,0.0,nan
725088530,0.0,0.0,nan
725088530,0.0,0.0,nan
725088530,0.0,0.0,nan
725088530,0.0,0.0,nan
725088530,0.0,0.0,nan
725088530,0.0,0.0,nan
725088530,0.0,0.0,nan
725088530,0.0,0.0,nan
725088530,0.0,0.0,nan
725088530,0.0,0.0,nan
725088530,0.0,0.0,nan
725088530,0.0,0.0,nan
725088530,0.0,0.0,nan
725088530,0.0,0.0,nan
725088530,0.0,0.0,nan
725088530,0.0,0.0,nan
725088530,0.0,0.0,nan
725088530,0.0,0.0,nan
725088530,0.0,0.0,nan
725088530,0.0,0.0,nan
725088530,0.0,0.0,nan
725088530,0.0,0.0,nan
725154964,0.014147685734650643,0.0051475189403364305,nan
725154964,0.014114137155109027,0.005228484391633698,nan
725154964,-0.014083483471498898,-0.005310499974089069,nan
725154964,0.04216041021382141,0.016178293281622385,nan
725154964,0.014020747422939064,0.0054739892554687905,nan
725154964,-0.041969336942732034,-0.01666769688625811,nan
725154964,-0.027912227138449517,-0.011273475189067668,nan
725154964,-0.02784949514216863,-0.01143701738021676,nan
725154964,-0.04167208375351352,-0.017397551510036007,nan
725154964,-0.06928142173554541,-0.02939851524408494,nan
725154964,-0.041463563089825226,-0.017879770297671117,nan
725154964,0.027575855303139118,0.012081885222486403,nan
725154964,-0.04125602053355079,-0.018362410861316097,nan
725154964,-0.027433427122774967,-0.012401887861478497,nan
725154964,-0.027357557807535963,-0.012559765024644759,nan
725154964,0.0,0.0,nan
725154964,0.054422413267759616,0.025755926444739227,nan
725154964,0.013570342757980875,0.006519184022449348,nan
725154964,-0.040586892876500795,-0.019789324814970647,nan
725154964,21.842481700286147,10.807657422762151,nan
725154964,0.013452908632827758,0.006754197648427357,nan
725154964,0.06706375632187112,0.03416007587387205,nan
725154964,-0.06686390734804548,-0.03454961779614807,nan
725154964,0.013332994883427693,0.006987931310178984,nan
725154964,0.026582654431203598,0.014129903984792906,nan
725154964,0.10600161511986998,0.05713805217169292,0.1204205107695369
725154964,0.09245999497908303,0.050535036451048065,0.10536906842447083
725154964,0.013166799967844572,0.007296253501902275,nan
725154964,0.06561754006250271,0.03686185876829375,nan
725154964,-0.026160487691892477,-0.014896999259938554,nan
725154964,0.13036848906328818,0.07524553038012603,0.15052518986146857
725154964,-0.12992856875394407,-0.07600263024647505,0.1505251898614673
725154964,0.0,0.0,nan
725154964,-0.19355332951686513,-0.11626363315459445,0.22578778479220324
725154964,-0.07715010580792733,-0.04695541103475712,nan
725154964,-0.0640625357069289,-0.03950252795083139,nan
725154964,-0.025533881361499484,-0.015950568919194774,nan
725154964,0.025439146178195114,0.016097873926473518,nan
725154964,-0.12672687077005365,-0.08122889269010992,0.15052518986146896
725154964,-0.1136278883931783,-0.07376882299078572,0.1354737475164043
725154964,-0.06288663442063654,-0.04134887431300735,nan
725154964,0.12529007561364666,0.08342799131920983,0.15052518986146954
725154964,0.037441090342135386,0.025246823897202137,nan
725154964,0.04972528369689923,0.0339526001501777,nan
725154964,0.23524962028140178,0.1626438081782674,0.2859989373778734
725154964,0.01233209509338178,0.008632460087665607,nan
725154964,-0.02456187623058484,-0.017407065785526026,nan
725154964,0.08561143298424853,0.061424302823485676,0.10536727402266677
725154964,-0.01217957509337033,-0.008846348800620317,nan
725154964,0.0,0.0,nan
725154964,-0.048300446917280374,-0.03594765139065441,nan
725154964,-0.08416055427617415,-0.06340064419679285,0.10536906842447255
725154964,-0.17954823799423106,-0.13690344770872948,0.2257877847922023
725154964,0.0,0.0,nan
725154964,0.03558895037891213,0.027796833881426515,nan
725154964,-0.1062785419264139,-0.08400905669438168,0.1354719531145999
725154964,0.10578805046964888,0.08462587345791453,0.1354719531145984
725154964,0.03509845795805261,0.02841365185735587,nan
725154964,0.12808426722232186,0.10492874545603825,0.16557663220653215
725154964,0.011588965554369593,0.009607071038402717,nan
725154964,0.011532883702543245,0.009674323235291635,nan
725154964,0.03442786671960991,0.02922258298031,nan
725154964,0.045676843180169194,0.03923020383313265,nan
725154964,0.04544650794604506,0.03949407206687028,nan
725154964,-0.04521599607706876,-0.039757772971728896,nan
725154964,-0.02249197706034371,-0.02001006424640391,nan
725154964,0.01118826432362951,0.010070882681367004,nan
725154964,0.11128960519166678,0.10135312801839923,0.15052518986146832
725154964,0.055349067945781975,0.050999400714528395,nan
725154964,0.011009504543806996,0.01026336817845879,nan
725154964,0.06570160447731319,0.06196712433348086,nan
725154964,0.010890652568187153,0.010391998036773108,nan
725154964,0.0,0.0,nan
725154964,0.010769013937063716,0.01051799768875181,nan
725154964,0.053535682027472054,0.05289980099736989,nan
725154964,0.0,0.0,nan
725154964,0.042334050672705015,0.04281601393562747,nan
725154964,0.010520126167491302,0.010764425766699994,nan
725154964,-0.12549793234486814,-0.12991561408711186,0.180631663355206
725154964,0.02078959867400623,0.02177347675962471,nan
725154964,-0.051657084170170044,-0.05473576390938417,nan
725154964,-0.09240755763705424,-0.09906307774463306,0.13547195311460125
725154964,0.04081294276158269,0.04426590692680661,nan
725154964,0.01013808338289538,0.011124980089344308,nan
725154964,-0.03022199033809478,-0.03355396642587134,nan
725154964,-0.010007968096289064,-0.011242174667316926,nan
725154964,-0.049715562698303156,-0.05650505305987172,nan
725154964,-0.03950834755922988,-0.04543409827488783,nan
725154964,-0.11773131598341571,-0.1369908274116799,0.180629868953403
725154964,-0.048723103367433004,-0.05736538590340603,nan
725154964,0.0,0.0,nan
725154964,-0.038440554115555386,-0.046341025152686344,nan
725154964,-0.019086303096805507,-0.023283315492559256,nan
725154964,-0.08527290139507199,-0.10526719511961445,0.135471953114601
725154964,0.04703420586848866,0.05875807842263686,nan
725154964,-0.1307329332770662,-0.16528142635107534,0.21073454804533542
725154964,-0.00926970603048812,-0.01186054327025524,nan
725154964,0.07360114685823951,0.09530986620045172,0.12042051076953689
725154964,-0.08217601746267074,-0.10770327444688595,0.13547285031550196
725154964,0.03624366045494226,0.04807984952478348,nan
725154964,-0.07192671908822197,-0.096579741639746,0.12042051076953661
725154964,0.12488617992724751,0.16974354169248768,0.2107354452462379
725154964,-0.0884975270087591,-0.12176214722221827,0.1505251898614687
725154964,0.02633652561066724,0.03668275864303201,nan
725154964,-0.026122690908690648,-0.03683534148875742,nan
725154964,0.03454379138948771,0.049315325507781824,nan
725154964,0.02569186637499649,0.037136024752696735,nan
725154964,-0.03396720781831248,-0.04971313313341478,nan
725154964,-0.008419361092358928,-0.012477471082055477,nan
725154964,-0.0250404034737556,-0.037579456579038835,nan
725154964,-0.04136862869106697,-0.06287364118554319,nan
725154964,-0.04920252228461666,-0.07573571938235393,nan
725154964,-0.06501515464114095,-0.10136137864583694,0.12042051076953711
725154964,-0.024159277611490174,-0.03815188944462893,nan
725154964,0.007978819337855972,0.012763673757227974,nan
725154964,0.0316182157016621,0.05124025067602894,nan
725154964,-0.03131960852597961,-0.05142331159385304,nan
725154964,-0.02326507169048956,-0.03870366652063628,nan
725154964,-0.0076796917607151564,-0.012945858807644388,nan
725154964,0.007604253824956962,0.012990313682612704,nan
725154964,0.007528558564931807,0.013034328971659629,nan
725154964,0.02235826984219648,0.0392344890697956,nan
725154964,0.0147532523270744,0.026242851782865888,nan
725154964,0.06570046070827419,0.11847507178865427,0.13547285031550146
725154964,-0.014446511281564456,-0.02641192940736907,nan
725154964,0.021439363017608702,0.03974406969981047,nan
725154964,-0.007069127237279503,-0.013289107039609779,nan
725154964,0.041950634178214055,0.07998082071082083,nan
725154964,-0.020742538049843138,-0.040112148760134136,nan
725154964,0.0,0.0,nan
725154964,0.02703248623992098,0.053800739225287414,nan
725154964,0.0801571857262784,0.16187124283804624,0.18063076615430393
725154964,-0.05941055182424427,-0.1217508911858364,0.13547285031550266
725154964,0.0391344614858479,0.08139682657100343,nan
725154964,-0.006443639672613061,-0.01360439062680922,nan
725154964,-0.012728025085728909,-0.027281661984660217,nan
725154964,0.1005539895550465,0.21884437547213556,0.24084012433817054
725154964,0.10548412074990061,0.23313955765230912,0.2558924638841363
725154964,0.018375005832791752,0.041249430213136554,nan
725154964,-0.018135101135723874,-0.04135644411335899,nan
725154964,0.005964620716225309,0.013820138404467731,nan
725154964,0.00588412598385588,0.01385460166201661,nan
725154964,0.08124908764508122,0.19444282871829388,0.21073544524623725
725154964,-0.017167796252750053,-0.04176677650006939,nan
725154964,-0.005641626150832937,-0.013955589753041005,nan
725154964,0.011120366468379895,0.027975509876267422,nan
725154964,-0.03287264832751217,-0.08412001177761708,nan
725154964,0.0,0.0,nan
725154964,-0.026576680155207172,-0.07041452828433216,nan
725154964,0.026166462675567926,0.07056751679601592,nan
725154964,-0.005151042222815286,-0.014143538801368849,nan
725154964,0.005068679987511042,0.014173263879264479,nan
725154964,0.009972441061713388,0.02840544195476255,nan
725154964,0.009807033625449926,0.028462972522982025,nan
725154964,-0.014462013318973465,-0.04277952236369748,nan
725154964,-0.009475228765657772,-0.028575142225599176,nan
725154964,-0.027926388998453944,-0.08588890607661662,nan
725154964,-0.018284282736218918,-0.05736688817010257,nan
725154964,0.022437760131044714,0.0718401358295594,nan
725154964,-0.02642344955546189,-0.08636359032580097,nan
725154964,0.004320037717788888,0.014419091508272346,nan
725154964,0.012708386081537053,0.04333236400873231,nan
725154964,-0.0415205402852159,-0.14468591005620554,0.15052563846191996
725154964,-0.00813563563711928,-0.028984998639895596,nan
725154964,0.031867432929264694,0.11612690511378085,0.12042006216908478
725154964,0.0077978705897053845,0.02907768779736413,nan
725154964,-0.0114429409253363,-0.04368405276395018,nan
725154964,0.007459050046566657,0.029166441088648076,nan
725154964,-0.007289258290471919,-0.02920933800943712,nan
725154964,-0.0035596629769176903,-0.014625841188516123,nan
725154964,-0.010423359032549897,-0.04393802947176054,nan
725154964,-0.003389162525189123,-0.014665827736098654,nan
725154964,0.0,0.0,nan
725154964,0.0,0.0,nan
725154964,-0.012531058922792708,-0.058891828089918455,nan
725154964,0.0030471114864247953,0.01474115133123022,nan
725154964,-0.005922528642899074,-0.02951681500177118,nan
725154964,0.002875319507303774,0.014775163739802713,nan
725154964,-0.0055787261691820685,-0.029583720653494953,nan
725154964,0.010812997136582568,0.05923090347047696,nan
725154964,0.002617045290628187,0.014823090087895879,nan
725154964,-0.007592394059235651,-0.044514631300640636,nan
725154964,0.004888902502470871,0.029705510359124745,nan
725154964,-0.004716018386065145,-0.029733447226264868,nan
725154964,0.011357402856973599,0.07440072308823495,nan
725154964,-0.006554633311141574,-0.04467923040450889,nan
725154964,-0.002098247234912941,-0.014905830722308522,nan
725154964,-0.010057331590858396,-0.07458758795523102,nan
725154964,-0.007698584997791417,-0.0597155978119337,nan
725154964,0.018377782591078175,0.1493990960142209,0.15052518986146915
725154964,-0.0035016893865380486,-0.029900784016727088,nan
725154964,-0.013310721635075094,-0.11968214596321307,0.12042006216908499
725154964,0.0015768153043212827,0.014969972761397757,nan
725154964,0.004469073766353244,0.04493622973253537,nan
725154964,-0.007012606569446557,-0.07493518228982961,nan
725154964,-0.00394595901166616,-0.04498495873702023,nan
725154964,0.006140328388366595,0.07501169617460224,nan
725154964,-0.005703870237968558,-0.07504614620362753,nan
725154964,0.006320666025147694,0.09009371279895172,nan
725154964,0.004830389664618577,0.07510742660613352,nan
725154964,-0.0026360328425535425,-0.045080463376452565,nan
725154964,0.01740753967110083,0.33069789266135197,0.331155731715548
725154964,0.1266833928060178,2.7064927179969045,2.7094559443886728
725154964,0.0024652756335531807,0.060159764540344024,nan
725154964,0.09042784368259772,2.5723941715183165,2.5739830940731703
725154964,0.07722751590012773,2.6330610538148047,2.634193349457939
725154964,-0.005660279680507941,-0.24077404928135776,0.2408405729386211
725154964,0.007986683848743908,0.451505385439412,0.45157601818485865
725154964,-0.00142935333720082,-0.12041180316890969,0.12042028646931055
725154964,0.0007288756816434513,0.12041808059254049,0.12042028646931076
725154964,-1.773333098525555e-05,-0.07526259284157535,nan
725154964,0.0005881135228180992,-0.10536608132253376,0.10536772262311889
725154964,-0.0003431506962754819,0.030102947627281492,nan
725154964,0.0015547824416387887,-0.09030177493527251,nan
725154964,-0.0006933534112899322,0.03009714229660027,nan
725154964,-0.0013026318882622086,0.04513889957959616,nan
725154964,0.003130371383949769,-0.09026089230613647,nan
725154964,0.0,0.0,nan
725154964,0.002786839194388467,-0.060145501664764414,nan
725154964,-0.004705006975506504,0.09019252083328115,nan
725154964,0.003486402494138047,-0.060109232661446264,nan
725154964,0.004795009878861298,-0.07510991837869227,nan
725154964,0.010463693166367371,-0.15016128473701135,0.15052541416169457
725154964,-0.002267408734479058,0.03001961976783761,nan
725154964,0.0036629984838741536,-0.045008882981033116,nan
725154964,0.003924759911935361,-0.044986813231511186,nan
725154964,-0.004186388528022254,0.044963221150020286,nan
725154964,-0.002965250319166111,0.02995873835660379,nan
725154964,-0.010988137745362546,0.1047932144734159,0.10536772262311835
725154964,-0.009940753301559939,0.08976641537178,nan
725154964,-0.015694167651274328,0.13456071594020394,0.13547285031550257
725154964,0.0091536889438844,-0.0747038698758398,nan
725154964,0.0,0.0,nan
725154964,0.004008884708466312,-0.02983701655274829,nan
725154964,-0.0020911916338337555,0.014906595717811251,nan
725154964,-0.00871148059408966,0.05957671490907993,nan
725154964,0.0022644749651401673,-0.014881257724935076,nan
725154964,-0.007053009459066001,0.04460349944414136,nan
725154964,-0.014624674383787192,0.08912321136533229,nan
725154964,0.0025238179329821297,-0.014839475104761935,nan
725154964,-0.010440394708368135,0.05929817039194816,nan
725154964,-0.008088873290180891,0.04442732530761471,nan
725154964,-0.005564784550354442,0.029586346281399764,nan
725154964,0.0,0.0,nan
725154964,-0.002954309257221288,0.014759801325098878,nan
725154964,-0.0030401192432276234,0.014742365933955448,nan
725154964,0.006251652706142724,-0.02944886333657939,nan
725154964,0.00642285537293104,-0.02941199826997762,nan
725154964,-0.003296920346702231,0.014687068957800796,nan
725154964,0.0033823014407514487,-0.014667641777312761,nan
725154964,0.0,0.0,nan
725154964,-0.0035527173771409174,0.014627299052861451,nan
725154964,0.003637692246151977,-0.014606167222422086,nan
725154964,-0.02233585910021642,0.08750964120116574,nan
725154964,-0.015229672992440992,0.058252080681679294,nan
725154964,-0.0038920835934179968,0.014540679614293858,nan
725154964,0.023859559036556566,-0.0871065402107239,nan
725154964,-0.016243891237650222,0.05797744251569682,nan
725154964,0.008290470809754048,-0.028941092016842973,nan
725154964,-0.008458685198510226,0.028892375431716473,nan
725154964,-0.004313242401580448,0.014421125677015603,nan
725154964,0.00879418405785297,-0.028791796314363103,nan
725154964,0.0,0.0,nan
725154964,0.004564243786065622,-0.01434366077639998,nan
725154964,-0.02788598096136118,0.08590226988109265,nan
725154964,-0.018923453495641004,0.05715899536380836,nan
725154964,-0.00481392686867531,0.014262040052066317,nan
725154964,-0.01469042951585246,0.04270138622729896,nan
725154964,0.009958980005187707,-0.028409926531187044,nan
725154964,-0.005062075862370846,0.014175862101025484,nan
725154964,-0.010288906647319343,0.028292350792705336,nan
725154964,0.010453313398280041,-0.02823201998391355,nan
725154964,0.0,0.0,nan
725154964,0.0,0.0,nan
725154964,-0.03283308559926307,0.0841357022608884,nan
725154964,0.0,0.0,nan
725154964,0.005634965140578996,-0.013958038766537043,nan
725154964,-0.005716065797799473,0.013925023164753067,nan
725154964,-0.005796973026122181,0.013891536346930512,nan
725154964,0.005877596503545155,-0.013857372952640761,nan
725154964,-0.029790892472470677,0.06911556207831555,nan
725154964,0.006038506792372594,-0.013788260008505917,nan
725154964,0.0061186129933336105,-0.01375289981718402,nan
725154964,0.012397024286789862,-0.027434148468788014,nan
725154964,0.012556403077615358,-0.02736156894491267,nan
725154964,0.03178829767800689,-0.06821995548549022,nan
725154964,-0.04505848608623318,0.09524751861544299,0.10536772262311846
725154964,0.0,0.0,nan
725154964,0.01978432497794923,-0.04059282365824766,nan
725154964,-0.006673308625580858,0.013492215451689889,nan
725154964,0.02025534767872004,-0.0403601040076383,nan
725154964,0.027319714300746287,-0.053655456982721055,nan
725154964,-0.013815584003969938,0.026747613853958314,nan
725154964,-0.02095657381616035,0.04000048898427366,nan
725154964,-0.03531474152716569,0.06646297635960423,nan
725154964,-0.007140068699826025,0.013251126169832985,nan
725154964,0.036085696091373555,-0.06604781976865885,nan
725154964,-0.014587718231087612,0.026334714545351433,nan
725154964,-0.0147406643843068,0.02624941002925547,nan
725154964,0.0,0.0,nan
725154964,0.03009011016234722,-0.05215227822364832,nan
725154964,0.030392978648774827,-0.051976357147785195,nan
725154964,-0.030694818651526824,0.051798677217173184,nan
725154964,0.023246599499914734,-0.03871424103702993,nan
725154964,0.0,0.0,nan
725154964,0.039492464543952985,-0.06406873995914408,nan
725154964,0.023918648748955985,-0.038302677313821934,nan
725154964,-0.04023517403149072,0.06360494451191287,nan
725154964,0.0,0.0,nan
725154964,-0.065555973120342,0.10101217640262931,0.12042028646931091
725154964,0.0,0.0,nan
725154964,-0.016681711669470693,0.02506071046780992,nan
725154964,0.016827211320532935,-0.0249632464344857,nan
725154964,0.00848594432140514,-0.012432283570650836,nan
725154964,-0.03423286736091051,0.04953139040499349,nan
725154964,-0.09493137910298903,0.13566171185262546,0.16557797800788668
725154964,0.0,0.0,nan
725154964,0.035092010093421,-0.04892646186681392,nan
725154964,-0.017687948553209792,0.024360658534411668,nan
725154964,0.008914745855983616,-0.012128766823833095,nan
725154964,0.06289591521216521,-0.08453674242840561,0.10536772262311865
725154964,-0.03622086440276509,0.048096744433673524,nan
725154964,0.009124907397799769,-0.011971173325478493,nan
725154964,0.027583584364283,-0.035754202252486045,nan
725154964,-0.04631850866605598,0.059321899106018865,nan
725154964,0.01866498466590353,-0.023620405493402653,nan
725154964,-0.018802072290978057,0.02351142883399561,nan
725154964,-0.08522385034681824,0.10530806476557134,0.13547285031550285
725154964,-0.12398395370603253,0.15139305492632021,0.19568310570027098
725154964,-0.09604806849069919,0.11589939105860594,0.15052541416169465
725154964,-0.009672079160055701,0.01153388759548597,nan
725154964,-0.17530188724083523,0.20659337119140073,0.27094570063100537
725154964,-0.14708387272806595,0.1713083752571279,0.2257880090924291
725154964,-0.02961564095070929,0.03409004130493058,nan
725154964,0.029813298646291547,-0.033917017427977654,nan
725154964,0.0,0.0,nan
725154964,0.08054925000330404,-0.08951460058144756,0.12042028646931076
725154964,0.09120220169561474,-0.1001751045843177,0.13547285031550263
725154964,0.010198171567682624,-0.011071448641428576,nan
725154964,-0.08209907339856332,0.0880953321149777,0.12042028646931092
725154964,-0.16522029605415903,0.17523251794452824,0.2408405729386213
725154964,-0.08311842716820209,0.0871342209377872,0.12042028646931059
725154964,-0.1777007934169749,0.18412964311199,0.25589313678481335
725154964,-0.13670555294942666,0.14001207757124284,0.19568288140004536
725154964,-0.14809602084565543,0.1499233020341172,0.2107354452462374
725154964,-0.0957636718972615,0.09582386089779645,0.13547285031550269
725154964,0.032106544268905364,-0.03175510856857546,nan
725154964,-0.11839916552976272,0.11574845313452813,0.16557797800788668
725154964,0.0649474657611062,-0.06275870135775112,nan
725154964,-0.021770535274095785,0.020793328431352658,nan
725154964,0.22985632134652154,-0.21699604667847475,0.31610316786935583
725154964,0.14307100033697906,-0.1335008574339517,0.19568288140004522
725154964,-0.23236531923665868,0.21430718875737226,0.31610316786935605
725154964,-0.022248432565411917,0.020281172593247205,nan
725154964,0.10064698969995353,-0.09068118127232352,0.13547285031550252
725154964,-0.04496559261594085,0.040041769739845495,nan
725154964,2.3389881636541237,-2.058593753261235,3.115874495335181
725154964,2.032924263185123,-1.768340611203615,2.694403380542481
725154964,-0.3081885986307833,0.26494460535734277,0.4064183266462822
725154964,-0.2638393783640278,0.2241624657053475,0.34620807126151426
725154964,0.011527808172620972,-0.00967932420569448,nan
725154964,2.224108044629379,-1.8455197923018476,2.8900864862427516
725154964,2.2464455427529675,-1.8420950085569365,2.9051388257887187
725154964,-2.0816993475874197,1.6868461183946866,2.679351040996515
725154964,2.2559749108990066,-1.8064266105649558,2.8900864862427516
725154964,2.4199021620044947,-1.9146921728070545,3.0857693676427966
725154964,-2.442857825555187,1.9098539983273302,3.1008219314889893
725154964,-2.2156809949469976,1.7115711959342512,2.7997711031656
725154964,-2.452946270272684,1.8721716848994485,3.0857693080630497
725154964,-0.024037030324652986,0.01812557031483986,nan
725154964,0.0,0.0,nan
725154964,0.024246278275273495,-0.017844694333736623,nan
725154964,0.0,0.0,nan
725154964,0.02445224432440978,-0.01756140294981757,nan
725154964,0.0,0.0,nan
725154964,0.0,0.0,nan
725154964,0.0,0.0,nan
725154964,0.0,0.0,nan
725154964,0.0,0.0,nan
725154964,0.0,0.0,nan
725154964,0.0,0.0,nan
725154964,0.0,0.0,nan
725154964,0.0,0.0,nan
725154964,0.0,0.0,nan
725154964,0.0,0.0,nan
725154964,0.0,0.0,nan
725154964,0.0,0.0,nan
725154964,0.0,0.0,nan
725154964,0.0,0.0,nan
725154964,0.0,0.0,nan
725154964,0.0,0.0,nan
725154964,0.0,0.0,nan
725154964,0.0,0.0,nan
725154964,0.0,0.0,nan
725154964,0.0,0.0,nan
725154964,0.0,0.0,nan
725154964,0.0,0.0,nan
725154964,0.0,0.0,nan
725154964,0.0,0.0,nan
725154964,0.0,0.0,nan
725154964,0.0,0.0,nan
725154964,0.0,0.0,nan
725154964,0.0,0.0,nan
725154964,0.0,0.0,nan
725154964,0.0,0.0,nan
725154964,0.0,0.0,nan
725154964,0.0,0.0,nan
725154964,0.0,0.0,nan
725154964,0.0,0.0,nan
725154964,0.0,0.0,nan
725154964,0.0,0.0,nan
725154964,0.0,0.0,nan
725154964,0.0,0.0,nan
725154964,0.0,0.0,nan
725154964,0.0,0.0,nan
725154964,0.0,0.0,nan
725154964,0.0,0.0,nan
725154964,0.0,0.0,nan
725154964,0.0,0.0,nan
725154964,0.0,0.0,nan
725154964,0.0,0.0,nan
725221499,-0.0706209457006469,-0.025694849489632306,nan
725221499,-0.028188784052866983,-0.010442339890838533,nan
725221499,-0.05625177199448256,-0.021211018873532075,nan
725221499,0.014031021764920758,0.005384150296504934,nan
725221499,0.0420017298414664,0.016398342465469794,nan
725221499,-0.013967432411490751,-0.005547024248483081,nan
725221499,0.0,0.0,nan
725221499,0.04170917213243259,0.01712880338253642,nan
725221499,0.041608825611797066,0.017371142060836134,nan
725221499,0.041507071068660736,0.01761289290810036,nan
725221499,0.027600414321376995,0.01190175256086476,nan
725221499,0.0,0.0,nan
725221499,0.0,0.0,nan
725221499,0.0,0.0,nan
725221499,0.0,0.0,nan
725221499,-0.08173434296770803,-0.03810119369258896,nan
725221499,0.0,0.0,nan
725221499,-0.067739025097453,-0.03254178453612065,nan
725221499,-0.01351164824430795,-0.006587998660205687,nan
725221499,-0.013473096256791092,-0.006666486471884956,nan
725221499,0.01343248714381155,0.006743944789592125,nan
725221499,-0.06696195367080764,-0.034108220945439485,nan
725221499,0.0,0.0,nan
725221499,-0.053249434763023906,-0.027908462853485295,nan
725221499,0.039814244053000325,0.021163102697359243,nan
725221499,0.026459781932255302,0.014262616647749363,nan
725221499,-0.13188340449714858,-0.07208233847578552,0.15029669291736336
725221499,0.07887774244936875,0.043709329979474666,nan
725221499,0.06551793276489526,0.03680590253870636,nan
725221499,0.02612077612269009,0.014874385644168604,nan
725221499,0.026033807639154395,0.015026082435239054,nan
725221499,0.18162480032833447,0.10624270455164865,0.21041644509105337
725221499,0.11635985013382245,0.06897712508108539,0.13526809863237274
725221499,0.11595663109856338,0.0696528406591484,0.13526809863237169
725221499,0.06419364991593143,0.0390698001779544,nan
725221499,0.10234476725519043,0.06310828918191151,0.1202377126694735
725221499,0.03824116191260466,0.023888584739675974,nan
725221499,-0.012699507797483292,-0.00803623966072241,nan
725221499,0.12653449962783114,0.08110558738971616,0.15029669291736422
725221499,-0.025211810520018307,-0.01636786192041943,nan
725221499,-0.03767500299140541,-0.02477186094924023,nan
725221499,0.03753026391875564,0.024990602943496663,nan
725221499,-0.04984468278257979,-0.03361066456463673,nan
725221499,0.06206114127601227,0.04237556747694495,nan
725221499,-0.1236271724032483,-0.08547173887007183,0.1502966929173634
725221499,0.08618922157956976,0.06033240983295175,0.10520732670657224
725221499,-0.012263026574413728,-0.008690838937000282,nan
725221499,0.0,0.0,nan
725221499,-0.03648180991978547,-0.026497707264353472,nan
725221499,-0.1089797110912308,-0.0801273758934532,0.13526630695446254
725221499,-0.03617106384936961,-0.026920347050060765,nan
725221499,0.08403279871922079,0.06330440214277805,0.10520911838448052
725221499,0.1673248266990121,0.12758323845593078,0.21041644509105586
725221499,-0.011899065491764263,-0.009182850462488923,nan
725221499,0.0710698528435488,0.05550927668381121,nan
725221499,0.10611721130742288,0.08388153111046145,0.135266306954465
725221499,-0.023472614415179536,-0.018777078208801572,nan
725221499,-0.09345334532635517,-0.07565434419317714,0.12023771266947282
725221499,-0.08138469280388713,-0.06667168341927796,0.10520732670657258
725221499,-0.1388495855738243,-0.11510413297909797,0.18035567316525594
725221499,-0.023029380939489894,-0.019318123798313252,nan
725221499,0.0,0.0,nan
725221499,-0.011402216252012973,-0.009792954954254385,nan
725221499,0.06806763272656605,0.059152355457448035,nan
725221499,0.05643487061093619,0.049622367482829936,nan
725221499,-0.02245783428311226,-0.019979689007974713,nan
725221499,0.03351251002255382,0.03016558663906611,nan
725221499,-0.08889679916331562,-0.08095966061258054,0.12023771266947446
725221499,-0.022105755742978343,-0.02036855067438421,nan
725221499,0.010994102675348205,0.010249010125742829,nan
725221499,0.021868593265520795,0.020625582109655507,nan
725221499,-0.03262106550099365,-0.031127432127801058,nan
725221499,-0.010813576550003756,-0.010439303826928882,nan
725221499,0.010751384837098477,0.010500779507609127,nan
725221499,-0.03207290387081108,-0.03169195138492885,nan
725221499,0.010629757163224939,0.010626418250971622,nan
725221499,-0.0951060774622367,-0.09618883790422011,0.13526809863237269
725221499,0.010505408920339477,0.010749366753915385,nan
725221499,0.07309641386136226,0.07566949763179226,0.10520911838447923
725221499,-0.08303339770689085,-0.08696299450476501,0.12023771266947196
725221499,0.02063122158043677,0.021860809446174686,nan
725221499,0.08201481962597404,0.08792181787479578,0.12023592099156481
725221499,0.030563848840530698,0.03314969214553839,nan
725221499,-0.09111027816216799,-0.0999794529406542,0.13526630695446712
725221499,0.07041013191513754,0.0781728528098892,0.10520732670657339
725221499,-0.01998674335861892,-0.0224515563705454,nan
725221499,0.06949707921033535,0.0789880660129847,0.1052091183844787
725221499,0.04931105529018253,0.05670708775490696,nan
725221499,0.0,0.0,nan
725221499,0.009730060330219838,0.011455934189930446,nan
725221499,0.0,0.0,nan
725221499,0.0383822014295154,0.046270679567048396,nan
725221499,0.10481077228372332,0.12785830056891365,0.1653270788802644
725221499,-0.009460885376472328,-0.01167921872759301,nan
725221499,0.037568902842740726,0.0469334285277071,nan
725221499,0.0839148646756724,0.10609085391099081,0.13526630695446523
725221499,0.018510165963618704,0.02368366630279977,nan
725221499,-0.09186150180752303,-0.11895612799500092,0.1502966929173646
725221499,0.06381735599794201,0.08364165628546422,0.10520732670657401
725221499,0.018094590950446167,0.0240037898818614,nan
725221499,0.053862883311263196,0.07232449109478954,nan
725221499,0.00890731734068425,0.012106700623458772,nan
725221499,0.035345380511497645,0.04863106993984466,nan
725221499,-0.008765341451485888,-0.012208782192530973,nan
725221499,0.017388345663450155,0.024519129850619423,nan
725221499,0.01724542001073471,0.024619865600700026,nan
725221499,-0.00855095539067862,-0.012359884113226343,nan
725221499,0.016957822831606125,0.02481883434722452,nan
725221499,0.0,0.0,nan
725221499,0.08334064496812281,0.1250737094604369,0.1502966929173642
725221499,0.00826106775783872,0.012555490149179931,nan
725221499,0.032752051315485,0.050414085547837495,nan
725221499,0.11360356625382148,0.1771127694478216,0.21041554925210165
725221499,0.06432662415426266,0.1015834286333304,0.1202377126694728
725221499,0.015933889870266567,0.0254893566799681,nan
725221499,-0.05524800140400158,-0.08953450972699128,0.10520822254552757
725221499,-0.03127159943228759,-0.0513444860050135,nan
725221499,0.07743236401355164,0.12881612550156876,0.15029758875631732
725221499,0.03834062707446741,0.064631805568241,nan
725221499,-0.0075927105825083175,-0.01297059441182374,nan
725221499,-0.03758609920034314,-0.06507349016593543,nan
725221499,0.0446482165230365,0.07834908405358018,nan
725221499,-0.029461274831418853,-0.05240524947278076,nan
725221499,-0.007288873180522851,-0.013143739998342199,nan
725221499,0.05048689505295472,0.09230299842963528,0.10520822254552786
725221499,0.014270928529433367,0.026455299893422643,nan
725221499,-0.042351219332919285,-0.07961518700711781,nan
725221499,-0.04886845882267829,-0.09316997275670674,0.10520822254552768
725221499,0.04142169034648952,0.08010172145193023,nan
725221499,0.054606565456452545,0.1071214970516477,0.12023681683051994
725221499,-0.053982499754105476,-0.10743733914163106,0.12023681683051929
725221499,-0.06002653107125624,-0.12121894125551101,0.13526720279341745
725221499,0.039546780194063325,0.08104378068060211,nan
725221499,0.02604951940240385,0.05418110106925053,nan
725221499,-0.01930042431079457,-0.040748788716909574,nan
725221499,0.01906343470654547,0.040861184545727576,nan
725221499,0.0,0.0,nan
725221499,-0.10532399606070336,-0.23278565225931475,0.255504019623938
725221499,-0.018347112609839743,-0.04118681365866858,nan
725221499,-0.04828661905860952,-0.11011589334821491,0.12023771266947286
725221499,-0.029778009660156653,-0.06899620855915446,nan
725221499,0.0,0.0,nan
725221499,-0.05215229361356673,-0.12480927218119732,0.13526720279341872
725221499,-0.011427880477169226,-0.02780238783897336,nan
725221499,0.0,0.0,nan
725221499,-0.00555174288690447,-0.013966521553468142,nan
725221499,0.010940970248136806,0.02799757831989303,nan
725221499,-0.0053890398157762694,-0.01403058400256715,nan
725221499,0.037150681727600936,0.09843019195826194,0.10520777462605031
725221499,-0.005225286116204078,-0.014091911097845836,nan
725221499,0.0,0.0,nan
725221499,-0.04048833842275975,-0.11321525642034569,0.12023726474999567
725221499,-0.009957302915666452,-0.02836232254937545,nan
725221499,0.0,0.0,nan
725221499,0.0240665754208801,0.07119040611616953,nan
725221499,-0.004730352204804357,-0.014265670029980169,nan
725221499,0.03717870855993088,0.11434484450283017,0.12023726474999624
725221499,-0.009128263615375125,-0.028639902672973165,nan
725221499,-0.017923013138637978,-0.057385037135380144,nan
725221499,-0.0043972886587085825,-0.014372295921010423,nan
725221499,-0.0258811365605925,-0.08638407828445598,nan
725221499,0.004229782295566523,0.014422481732393218,nan
725221499,0.01658300487447533,0.05778651085097427,nan
725221499,0.004061703402131539,0.014470715361108933,nan
725221499,-0.02386426403739936,-0.0869628605364178,nan
725221499,0.01946502558311333,0.07258365349390221,nan
725221499,-0.011425457061317574,-0.043617307156916224,nan
725221499,0.003723808121805429,0.014560866267422626,nan
725221499,0.014556386421258331,0.05832999658281945,nan
725221499,-0.0035541534920818774,-0.014603203975173394,nan
725221499,-0.003469144334671622,-0.014623631935021452,nan
725221499,0.0033840177830978314,0.014643565038250215,nan
725221499,0.003298875030474204,0.014663439607487548,nan
725221499,0.0032135197926300724,0.014682381555166435,nan
725221499,0.0,0.0,nan
725221499,0.0,0.0,nan
725221499,-0.002956813187199748,-0.014736223850264525,nan
725221499,0.014354945013991727,0.07376455469342545,nan
725221499,0.005570257673757295,0.029538812623345366,nan
725221499,-0.016194914762708484,-0.08871170693066244,nan
725221499,-0.005226223118616271,-0.029601618429802422,nan
725221499,0.005053937649721088,0.029631519299250998,nan
725221499,-0.00244070420921709,-0.014829987739336727,nan
725221499,0.0023544648233506764,0.014844377150447568,nan
725221499,-0.002268005431245932,-0.01485737947114594,nan
725221499,-0.002181539458267616,-0.014870321414744167,nan
725221499,-0.012570122851623533,-0.08929744801626885,nan
725221499,0.006025226777607187,0.04468452970502453,nan
725221499,-0.005765245510814961,-0.0447192675419754,nan
725221499,-0.014679897185015679,-0.1193377578689921,0.12023726474999678
725221499,-0.010489121486673273,-0.08956618405503483,nan
725221499,0.006645282748377382,0.05975045693708836,nan
725221499,-0.6517995644167297,-6.188056203202091,6.222289148389177
725221499,-0.0014874446832211497,-0.014956154114727453,nan
725221499,0.007001961446375782,0.07482143082952643,nan
725221499,0.005253272501463438,0.05988867244033313,nan
725221499,0.0024524102614854495,0.02995922071180329,nan
725221499,0.003417120275227148,0.044959246453932046,nan
725221499,0.0,0.0,nan
725221499,-0.003858442839267633,-0.05999468624383535,nan
725221499,-0.16055438645869588,-2.745742018778744,2.7504321378100385
725221499,-0.007110458836472328,-0.13508018924583512,0.13526720279341847
725221499,0.006324556861955656,0.13511926632444288,0.1352672027934186
725221499,-0.004307674192519218,-0.10511954996487073,0.10520777462605056
725221499,0.0110883233507439,0.3154287130795896,0.31562354783788976
725221499,-0.0004406310886825881,-0.015023253631653218,nan
725221499,0.010243681415131144,0.4357404215135856,0.43586081258788567
725221499,-0.005848010459994893,-0.33060131924578084,0.3306530379618353
725221499,0.000535194839986443,0.04508596583659786,nan
725221499,-0.0011826245225562474,-0.19538225606154283,0.19538583516841654
725221499,4.2495409484031866e-05,0.18035611607836008,0.1803561210847326
725221499,0.0,0.0,nan
725221499,-0.0010278970409812263,0.09017242607036606,nan
725221499,-0.002587373045206492,0.150274644313296,0.15029691687710262
725221499,0.007269143998646697,-0.3155396046796966,0.3156233238781511
725221499,0.0,0.0,nan
725221499,-0.00364655736111669,0.10514455982683017,0.10520777462605026
725221499,-0.0030415240495628203,0.07508677051871432,nan
725221499,-0.009739146271842296,0.21019003876720427,0.2104155492521006
725221499,-0.0007829794085648905,0.015009305403084558,nan
725221499,0.0,0.0,nan
725221499,0.011490526014718427,-0.17998971699693228,0.1803561210847325
725221499,0.0,0.0,nan
725221499,-0.011319800326585458,0.1498698035711759,0.15029669291736467
725221499,-0.0012191460197775383,0.014980186528203111,nan
725221499,-0.0026125347560383223,0.02994568222461576,nan
725221499,0.0055733781312217985,-0.05985995609088833,nan
725221499,0.001480374537487649,-0.014956630525156807,nan
725221499,0.0062693944326965,-0.05979084087121878,nan
725221499,0.014888482560875176,-0.13444511389346123,0.13526697883368002
725221499,0.010446887308583553,-0.08957089454027142,nan
725221499,-0.0018279641801372322,0.014918138368892398,nan
725221499,-0.009573542938084812,0.0745360399477113,nan
725221499,-0.008005598458623364,0.05958344803983708,nan
725221499,0.0,0.0,nan
725221499,0.006523692437676601,-0.044614708179189236,nan
725221499,0.0022610374965675493,-0.014858668004784505,nan
725221499,0.004694868669658484,-0.029690527612756208,nan
725221499,-0.0024337517370501063,0.014831357251435034,nan
725221499,0.005039973564582146,-0.029633897621094297,nan
725221499,0.005212273104799946,-0.029604077942576724,nan
725221499,0.0,0.0,nan
725221499,0.005556337218279809,-0.029541434265552148,nan
725221499,0.005728090148579064,-0.029508612386876555,nan
725221499,-0.00294982462154113,0.014737395975525532,nan
725221499,0.0030355043481563684,-0.014719987051272209,nan
725221499,-0.0031210813547748236,0.014702080009786695,nan
725221499,0.0,0.0,nan
725221499,-0.009875746884172963,0.04399432204745712,nan
725221499,-0.013508618131482176,0.05858128707034324,nan
725221499,0.003462304317788966,-0.014625483043247183,nan
725221499,-0.0035473243591039264,0.014605094841479305,nan
725221499,-0.007264394597110696,0.029168207499492903,nan
725221499,0.007434002899089622,-0.029125672913179152,nan
725221499,0.007603305513760419,-0.0290819354069428,nan
725221499,-0.007772350836255646,0.029037213782099176,nan
725221499,-0.011911699719244951,0.04348726432800954,nan
725221499,0.004054823365985962,-0.014472412131636676,nan
725221499,0.004138881270700727,-0.014448364447674474,nan
725221499,-0.004222922465452983,0.014424258431131168,nan
725221499,0.0,0.0,nan
725221499,-0.00439044996315287,0.01437415230746977,nan
725221499,-0.026843886964347977,0.0860900013696595,nan
725221499,-0.02734423118831653,0.08593238984168075,nan
725221499,-0.004640619874538671,0.014295347236682729,nan
725221499,0.00944732867087141,-0.028536007754773704,nan
725221499,-0.009613238674188687,0.028480780606265757,nan
725221499,0.004889376490850141,-0.01421218853547933,nan
725221499,-0.019887798673945887,0.0567338119867222,nan
725221499,0.015163174923306839,-0.04246302951016129,nan
725221499,-0.015409932160697679,0.04237410458922212,nan
725221499,-0.005218722644482928,0.01409458191636947,nan
725221499,0.0,0.0,nan
725221499,0.01076461431224621,-0.02806561662077956,nan
725221499,0.043711020525335056,-0.11201071545105515,0.1202374887097344
725221499,0.016635729998676203,-0.04190803307656879,nan
725221499,0.0168791499836252,-0.041810343798049134,nan
725221499,0.011414777642173706,-0.027807770013593424,nan
725221499,0.005788173232394996,-0.013870449021897975,nan
725221499,-0.0058686743235367685,0.013836337487574006,nan
725221499,0.011898303441997521,-0.027604340183226973,nan
725221499,-0.006029340350860163,0.013767329456753321,nan
725221499,0.0061093249507648455,-0.013732022942132346,nan
725221499,-0.006189102814072172,0.013696251742507635,nan
725221499,-0.03134335620569224,0.06830008534178715,nan
725221499,-0.006348027539406191,0.013623320145846931,nan
725221499,0.04499008739239221,-0.09510293306828496,0.10520777462605022
725221499,0.03253036812836283,-0.06774252080419887,nan
725221499,0.032923886099427487,-0.06755214059958455,nan
725221499,0.03331628994213434,-0.06735947446325394,nan
725221499,-0.013483066733679822,0.026865891632408438,nan
725221499,0.006819560756954052,-0.013393502025963911,nan
725221499,0.04828139885662369,-0.09347503605890443,0.10520777462605065
725221499,-0.013949737251163507,0.026626313830860927,nan
725221499,-0.02115674334299745,0.03981737007957944,nan
725221499,0.0,0.0,nan
725221499,-0.021618550845127843,0.039568535584378804,nan
725221499,0.0,0.0,nan
725221499,0.007359144042286406,-0.013104781738059354,nan
725221499,0.05948190523069836,-0.10449381149785729,0.12023748870973443
725221499,-0.03004443343391261,0.05207311116720302,nan
725221499,-0.06069357128257157,0.10379472094567713,0.12023748870973472
725221499,0.0,0.0,nan
725221499,-0.023211311207294444,0.038655472894777894,nan
725221499,0.0,0.0,nan
725221499,-0.03943251505993797,0.06397148373706739,nan
725221499,0.0,0.0,nan
725221499,0.040174097115924776,-0.06350839233041888,nan
725221499,-0.024325664788046732,0.03796409600267546,nan
725221499,0.03272816867954801,-0.050429326126007736,nan
725221499,0.041276243078950364,-0.06279765706426922,nan
725221499,-0.016656388863750357,0.02502266835828488,nan
725221499,-0.016801667646626363,0.024925352275172816,nan
725221499,-0.025419440543713468,0.03724060411869556,nan
725221499,0.05981667388699903,-0.08654849141875455,0.10520777462605044
725221499,0.0689361638571978,-0.09851324278429348,0.12023748870973469
725221499,0.0,0.0,nan
725221499,0.04379858877545734,-0.06106546697775006,nan
725221499,-0.044153074670039254,0.06080965082217006,nan
725221499,-0.07120957367539334,0.09688266257794699,0.12023748870973479
725221499,-0.026914397609239964,0.03617493267460924,nan
725221499,0.02712451194750548,-0.036017934429188006,nan
725221499,-0.009111055806198691,0.0119530011077604,nan
725221499,-0.036722283382816676,0.04759990325776697,nan
725221499,-0.07399697778655193,0.09477078120222529,0.12023748870973444
725221499,0.0,0.0,nan
725221499,0.05632087209485617,-0.07042756541055158,nan
725221499,0.16073400346167266,-0.19861326116678246,0.2555046915031533
725221499,0.019045521262531968,-0.023255909820680286,nan
725221499,0.06713154452564488,-0.08100636747421272,0.10520777462605047
725221499,0.077259031796171,-0.09213086180613822,0.12023748870973437
725221499,0.009724226062358546,-0.011460005799537617,nan
725221499,0.019581452197657355,-0.022806489242757744,nan
725221499,0.07885501169608114,-0.09076861143387871,0.12023748870973458
725221499,0.04961364996182801,-0.05644283279033316,nan
725221499,-0.04994114691242235,0.05615326776781719,nan
725221499,0.050266804071903426,-0.055861636065111686,nan
725221499,-0.23271842292627148,0.2556143593237147,0.34568275204551946
725221499,-0.07127868360857184,0.07738233070149077,0.10520777462605017
725221499,0.10246794443998183,-0.10995188158527043,0.1502966929173644
725221499,-0.010310612452946014,0.010935427576571398,nan
725221499,0.04149620407162795,-0.043501056707193966,nan
725221499,0.08349695271488215,-0.08651770095507784,0.12023748870973455
725221499,0.05249936427196703,-0.05376917692295124,nan
725221499,0.04224900747267667,-0.04277029640498661,nan
725221499,0.25498208810991696,-0.2551423484334155,0.3607124661292036
725221499,0.05342951842986938,-0.05284468313677685,nan
725221499,-0.04298878384449965,0.04202635390098777,nan
725221499,-0.03242435729049036,0.03133163907265973,nan
725221499,0.021737487644086263,-0.0207617641994211,nan
725221499,-0.2513651311852798,0.23730145605955277,0.345682528085781
725221499,-0.24175267947403595,0.22558163373935128,0.33065303796183515
725221499,-0.04419280356488275,0.040758386520025953,nan
725221499,0.033321823720596194,-0.030375427842490102,nan
725221499,0.033497958330981126,-0.030181075864465882,nan
725221499,0.1571409231535572,-0.13993367585220862,0.2104155492521006
725221499,-2.0195328570881053,1.7774342720967102,2.690313281475302
725221499,-2.097877700449963,1.8248404046453666,2.7804915659774063
725221499,2.3136046971598137,-1.9889674250287952,3.051025747604505
725221499,-0.0801770847087859,0.06811982772560407,0.10520777462605037
725221499,-0.27624690102626126,0.23195071220929414,0.3607124661292035
725221499,0.0,0.0,nan
725221499,0.0,0.0,nan
725221499,-0.04670866783709509,0.037849046322517434,nan
725221499,0.023464066524643435,-0.018788380117796346,nan
725221499,-2.357296403412208,1.8651567999182568,3.0059368293131916
725221499,0.2486511395039191,-0.19439828548445293,0.3156233238781512
725221499,-0.23788374838728985,0.18376064634263656,0.30059383375420556
725221499,0.13142161741357206,-0.10030543020333937,0.16532640700104836
725221499,0.0,0.0,nan
725221499,-2.290014351701059,1.7060227368066259,2.8556399124360885
725221499,-0.02420947247222544,0.017817606122604027,nan
725221499,-0.02431271053393735,0.017676474530196055,nan
725221499,0.0,0.0,nan
725221499,0.02451671500063289,-0.01739242165143888,nan
725221499,0.0,0.0,nan
725221499,0.0,0.0,nan
725221499,0.0,0.0,nan
725221499,0.0,0.0,nan
725221499,0.0,0.0,nan
725221499,0.0,0.0,nan
725221499,0.0,0.0,nan
725221499,0.0,0.0,nan
725221499,0.0,0.0,nan
725221499,0.0,0.0,nan
725221499,0.0,0.0,nan
725221499,0.0,0.0,nan
725221499,0.0,0.0,nan
725221499,0.0,0.0,nan
725221499,0.0,0.0,nan
725221499,0.0,0.0,nan
725221499,0.0,0.0,nan
725221499,0.0,0.0,nan
725221499,0.0,0.0,nan
725221499,0.0,0.0,nan
725221499,0.0,0.0,nan
725221499,0.0,0.0,nan
725221499,0.0,0.0,nan
725221499,0.0,0.0,nan
725221499,0.0,0.0,nan
725221499,0.0,0.0,nan
725221499,0.0,0.0,nan
725221499,0.0,0.0,nan
725221499,0.0,0.0,nan
725221499,0.0,0.0,nan
725221499,0.0,0.0,nan
725221499,0.0,0.0,nan
725221499,0.0,0.0,nan
725221499,0.0,0.0,nan
725221499,0.0,0.0,nan
725221499,0.0,0.0,nan
725221499,0.0,0.0,nan
725221499,0.0,0.0,nan
725221499,0.0,0.0,nan
725221499,0.0,0.0,nan
725221499,0.0,0.0,nan
725221499,0.0,0.0,nan
725221499,0.0,0.0,nan
725221499,0.0,0.0,nan
725221499,0.0,0.0,nan
725221499,0.0,0.0,nan
