1785487304.680141,0,3.008
1785487304.680141,1,3.007
1785487304.680141,2,3.014
1785487304.680141,3,3.013
1785487304.680141,4,3.015
1785487304.680141,5,3.018
1785487304.680141,6,3.018
1785487304.680141,7,3.022
1785487304.680141,8,3.025
1785487304.680141,9,3.028
1785487304.680141,10,3.028
1785487304.680141,11,3.031
1785487304.680141,12,3.03
1785487304.680141,13,3.041
1785487304.680141,14,3.036
1785487304.680141,15,3.041
1785487304.680141,16,3.045
1785487304.680141,17,3.048
1785487304.680141,18,3.051
1785487304.680141,19,1.51
1785487304.680141,20,1.697
1785487304.680141,21,1.7
1785487304.680141,22,1.659
1785487304.680141,23,1.657
1785487304.680141,24,1.66
1785487304.680141,25,1.644
1785487304.680141,26,1.619
1785487304.680141,27,1.604
1785487304.680141,28,1.605
1785487304.680141,29,1.595
1785487304.680141,30,1.568
1785487304.680141,31,1.549
1785487304.680141,32,1.538
1785487304.680141,33,1.529
1785487304.680141,34,1.504
1785487304.680141,35,1.472
1785487304.680141,36,1.457
1785487304.680141,37,1.447
1785487304.680141,38,1.442
1785487304.680141,39,1.421
1785487304.680141,40,1.411
1785487304.680141,41,1.413
1785487304.680141,42,1.403
1785487304.680141,43,1.379
1785487304.680141,44,1.384
1785487304.680141,45,1.371
1785487304.680141,46,1.372
1785487304.680141,47,1.382
1785487304.680141,48,1.349
1785487304.680141,49,1.36
1785487304.680141,50,1.347
1785487304.680141,51,1.336
1785487304.680141,52,1.338
1785487304.680141,53,1.356
1785487304.680141,54,1.347
1785487304.680141,55,1.323
1785487304.680141,56,1.288
1785487304.680141,57,1.28
1785487304.680141,58,1.283
1785487304.680141,59,1.282
1785487304.680141,60,1.275
1785487304.680141,61,1.285
1785487304.680141,62,1.287
1785487304.680141,63,1.288
1785487304.680141,64,1.308
1785487304.680141,65,1.314
1785487304.680141,66,1.346
1785487304.680141,67,1.506
1785487304.680141,68,1.629
1785487304.680141,69,1.614
1785487304.680141,70,1.638
1785487304.680141,71,1.649
1785487304.680141,72,1.736
1785487304.680141,73,1.741
1785487304.680141,74,1.741
1785487304.680141,75,1.786
1785487304.680141,76,1.767
1785487304.680141,77,1.739
1785487304.680141,78,1.718
1785487304.680141,79,1.697
1785487304.680141,80,1.671
1785487304.680141,81,1.647
1785487304.680141,82,1.621
1785487304.680141,83,1.605
1785487304.680141,84,1.58
1785487304.680141,85,1.56
1785487304.680141,86,1.524
1785487304.680141,87,1.276
1785487304.680141,88,1.063
1785487304.680141,89,1.041
1785487304.680141,90,1.037
1785487304.680141,91,1.034
1785487304.680141,92,1.031
1785487304.680141,93,1.036
1785487304.680141,94,1.03
1785487304.680141,95,1.031
1785487304.680141,96,1.037
1785487304.680141,97,0.884
1785487304.680141,98,0.783
1785487304.680141,99,0.768
1785487304.680141,100,0.771
1785487304.680141,101,0.769
1785487304.680141,102,0.771
1785487304.680141,103,0.759
1785487304.680141,104,0.764
1785487304.680141,105,0.758
1785487304.680141,106,0.762
1785487304.680141,107,0.761
1785487304.680141,108,0.768
1785487304.680141,109,0.766
1785487304.680141,110,0.764
1785487304.680141,111,0.767
1785487304.680141,112,0.765
1785487304.680141,113,0.787
1785487304.680141,114,0.796
1785487304.680141,115,0.851
1785487304.680141,116,0.853
1785487304.680141,117,0.84
1785487304.680141,118,0.846
1785487304.680141,119,0.841
1785487304.680141,120,0.832
1785487304.680141,121,0.834
1785487304.680141,122,0.827
1785487304.680141,123,0.819
1785487304.680141,124,0.818
1785487304.680141,125,0.813
1785487304.680141,126,0.798
1785487304.680141,127,0.776
1785487304.680141,128,0.726
1785487304.680141,129,0.641
1785487304.680141,130,0.6
1785487304.680141,131,0.576
1785487304.680141,132,0.569
1785487304.680141,133,0.576
1785487304.680141,134,0.575
1785487304.680141,135,0.567
1785487304.680141,136,0.566
1785487304.680141,137,0.565
1785487304.680141,138,0.574
1785487304.680141,139,0.534
1785487304.680141,140,0.5
1785487304.680141,141,0.491
1785487304.680141,142,0.483
1785487304.680141,143,0.477
1785487304.680141,144,0.477
1785487304.680141,145,0.467
1785487304.680141,146,0.466
1785487304.680141,147,0.46
1785487304.680141,148,0.468
1785487304.680141,149,0.459
1785487304.680141,150,0.457
1785487304.680141,151,0.453
1785487304.680141,152,0.456
1785487304.680141,153,0.453
1785487304.680141,154,0.447
1785487304.680141,155,0.45
1785487304.680141,156,0.449
1785487304.680141,157,0.441
1785487304.680141,158,0.441
1785487304.680141,159,0.435
1785487304.680141,160,0.434
1785487304.680141,161,0.432
1785487304.680141,162,0.438
1785487304.680141,163,0.434
1785487304.680141,164,0.432
1785487304.680141,165,0.434
1785487304.680141,166,0.431
1785487304.680141,167,0.427
1785487304.680141,168,0.431
1785487304.680141,169,0.43
1785487304.680141,170,0.431
1785487304.680141,171,0.424
1785487304.680141,172,0.424
1785487304.680141,173,0.423
1785487304.680141,174,0.422
1785487304.680141,175,0.432
1785487304.680141,176,0.422
1785487304.680141,177,0.416
1785487304.680141,178,0.425
1785487304.680141,179,0.42
1785487304.680141,180,0.425
1785487304.680141,181,0.422
1785487304.680141,182,0.423
1785487304.680141,183,0.424
1785487304.680141,184,0.421
1785487304.680141,185,0.424
1785487304.680141,186,0.428
1785487304.680141,187,0.427
1785487304.680141,188,0.429
1785487304.680141,189,0.428
1785487304.680141,190,0.432
1785487304.680141,191,0.436
1785487304.680141,192,0.419
1785487304.680141,193,0.347
1785487304.680141,194,0.266
1785487304.680141,195,0.228
1785487304.680141,196,0.202
1785487304.680141,197,0.192
1785487304.680141,198,0.193
1785487304.680141,199,0.179
1785487304.680141,200,0.18
1785487304.680141,201,0.171
1785487304.680141,202,0.18
1785487304.680141,203,0.177
1785487304.680141,204,0.178
1785487304.680141,205,0.163
1785487304.680141,206,0.182
1785487304.680141,207,0.175
1785487304.680141,208,0.002
1785487304.680141,209,0.174
1785487304.680141,210,0.176
1785487304.680141,211,0.166
1785487304.680141,212,0.17
1785487304.680141,213,0.161
1785487304.680141,214,0.154
1785487304.680141,215,0.162
1785487304.680141,216,0.168
1785487304.680141,217,0.163
1785487304.680141,218,0.17
1785487304.680141,219,0.169
1785487304.680141,220,0.17
1785487304.680141,221,0.167
1785487304.680141,222,0.166
1785487304.680141,223,0.165
1785487304.680141,224,0.168
1785487304.680141,225,0.165
1785487304.680141,226,0.161
1785487304.680141,227,0.157
1785487304.680141,228,0.157
1785487304.680141,229,0.163
1785487304.680141,230,0.168
1785487304.680141,231,0.16
1785487304.680141,232,0.161
1785487304.680141,233,0.165
1785487304.680141,234,0.161
1785487304.680141,235,0.165
1785487304.680141,236,0.162
1785487304.680141,237,0.161
1785487304.680141,238,0.163
1785487304.680141,239,0.162
1785487304.680141,240,0.163
1785487304.680141,241,0.158
1785487304.680141,242,0.162
1785487304.680141,243,0.161
1785487304.680141,244,0.161
1785487304.680141,245,0.167
1785487304.680141,246,0.159
1785487304.680141,247,0.161
1785487304.680141,248,0.162
1785487304.680141,249,0.162
1785487304.680141,250,0.161
1785487304.680141,251,0.159
1785487304.680141,252,0.16
1785487304.680141,253,0.159
1785487304.680141,254,0.162
1785487304.680141,255,0.16
1785487304.680141,256,0.157
1785487304.680141,257,0.16
1785487304.680141,258,0.158
1785487304.680141,259,0.16
1785487304.680141,260,0.159
1785487304.680141,261,0.162
1785487304.680141,262,0.158
1785487304.680141,263,0.159
1785487304.680141,264,0.159
1785487304.680141,265,0.154
1785487304.680141,266,0.158
1785487304.680141,267,0.162
1785487304.680141,268,0.159
1785487304.680141,269,0.159
1785487304.680141,270,0.159
1785487304.680141,271,0.159
1785487304.680141,272,0.161
1785487304.680141,273,0.157
1785487304.680141,274,0.163
1785487304.680141,275,0.163
1785487304.680141,276,0.161
1785487304.680141,277,0.157
1785487304.680141,278,0.158
1785487304.680141,279,0.162
1785487304.680141,280,0.162
1785487304.680141,281,0.162
1785487304.680141,282,0.164
1785487304.680141,283,0.159
1785487304.680141,284,0.162
1785487304.680141,285,0.161
1785487304.680141,286,0.158
1785487304.680141,287,0.163
1785487304.680141,288,0.163
1785487304.680141,289,0.166
1785487304.680141,290,0.16
1785487304.680141,291,0.163
1785487304.680141,292,0.163
1785487304.680141,293,0.161
1785487304.680141,294,0.165
1785487304.680141,295,0.165
1785487304.680141,296,0.162
1785487304.680141,297,0.164
1785487304.680141,298,0.166
1785487304.680141,299,0.161
1785487304.680141,300,0.168
1785487304.680141,301,0.166
1785487304.680141,302,0.169
1785487304.680141,303,0.168
1785487304.680141,304,0.167
1785487304.680141,305,0.162
1785487304.680141,306,0.16
1785487304.680141,307,0.168
1785487304.680141,308,0.17
1785487304.680141,309,0.17
1785487304.680141,310,0.166
1785487304.680141,311,0.167
1785487304.680141,312,0.161
1785487304.680141,313,0.171
1785487304.680141,314,0.168
1785487304.680141,315,0.171
1785487304.680141,316,0.162
1785487304.680141,317,0.171
1785487304.680141,318,0.169
1785487304.680141,319,0.167
1785487304.680141,320,0.176
1785487304.680141,321,0.178
1785487304.680141,322,0.176
1785487304.680141,323,0.168
1785487304.680141,324,0.173
1785487304.680141,325,0.176
1785487304.680141,326,0.172
1785487304.680141,327,0.174
1785487304.680141,328,0.176
1785487304.680141,329,0.176
1785487304.680141,330,0.175
1785487304.680141,331,0.167
1785487304.680141,332,0.182
1785487304.680141,333,0.173
1785487304.680141,334,0.17
1785487304.680141,335,0.169
1785487304.680141,336,0.184
1785487304.680141,337,0.176
1785487304.680141,338,0.178
1785487304.680141,339,0.177
1785487304.680141,340,0.17
1785487304.680141,341,0.179
1785487304.680141,342,0.165
1785487304.680141,343,0.184
1785487304.680141,344,0.181
1785487304.680141,345,0.19
1785487304.680141,346,0.193
1785487304.680141,347,0.174
1785487304.680141,348,0.168
1785487304.680141,349,0.186
1785487304.680141,350,0.17
1785487304.680141,351,0.177
1785487304.680141,352,0.184
1785487304.680141,353,0.186
1785487304.680141,354,0.171
1785487304.680141,355,0.179
1785487304.680141,356,0.184
1785487304.680141,357,0.189
1785487304.680141,358,0.002
1785487304.680141,359,0.195
1785487304.680141,360,0.0
1785487304.680141,361,0.002
1785487304.680141,362,0.186
1785487304.680141,363,0.202
1785487304.680141,364,0.002
1785487304.680141,365,0.186
1785487304.680141,366,0.191
1785487304.680141,367,0.206
1785487304.680141,368,0.184
1785487304.680141,369,0.169
1785487304.680141,370,0.0
1785487304.680141,371,0.0
1785487304.680141,372,0.0
1785487304.680141,373,0.0
1785487304.680141,374,0.0
1785487304.680141,375,0.0
1785487304.680141,376,0.0
1785487304.680141,377,0.0
1785487304.680141,378,0.0
1785487304.680141,379,0.0
1785487304.680141,380,0.0
1785487304.680141,381,0.0
1785487304.680141,382,0.0
1785487304.680141,383,0.0
1785487304.680141,384,0.0
1785487304.680141,385,0.0
1785487304.680141,386,0.0
1785487304.680141,387,0.0
1785487304.680141,388,0.0
1785487304.680141,389,0.0
1785487304.680141,390,0.0
1785487304.680141,391,0.0
1785487304.680141,392,0.0
1785487304.680141,393,0.0
1785487304.680141,394,0.0
1785487304.680141,395,0.0
1785487304.680141,396,0.0
1785487304.680141,397,0.0
1785487304.680141,398,0.0
1785487304.680141,399,0.0
1785487304.680141,400,0.0
1785487304.680141,401,0.0
1785487304.680141,402,0.0
1785487304.680141,403,0.0
1785487304.680141,404,0.0
1785487304.680141,405,0.0
1785487304.680141,406,0.0
1785487304.680141,407,0.0
1785487304.680141,408,0.0
1785487304.680141,409,0.0
1785487304.680141,410,0.0
1785487304.680141,411,0.0
1785487304.680141,412,0.0
1785487304.680141,413,0.0
1785487304.680141,414,0.0
1785487304.680141,415,0.0
1785487304.680141,416,0.0
1785487304.680141,417,0.0
1785487304.680141,418,0.0
1785487304.680141,419,0.0
1785487304.680141,420,0.0
1785487304.7469423,0,3.01
1785487304.7469423,1,3.009
1785487304.7469423,2,3.011
1785487304.7469423,3,3.014
1785487304.7469423,4,3.017
1785487304.7469423,5,3.02
1785487304.7469423,6,3.02
1785487304.7469423,7,3.02
1785487304.7469423,8,3.025
1785487304.7469423,9,3.024
1785487304.7469423,10,3.027
1785487304.7469423,11,3.033
1785487304.7469423,12,3.034
1785487304.7469423,13,3.037
1785487304.7469423,14,3.041
1785487304.7469423,15,3.042
1785487304.7469423,16,3.041
1785487304.7469423,17,3.048
1785487304.7469423,18,3.053
1785487304.7469423,19,3.12
1785487304.7469423,20,1.696
1785487304.7469423,21,1.689
1785487304.7469423,22,1.667
1785487304.7469423,23,1.66
1785487304.7469423,24,1.658
1785487304.7469423,25,1.644
1785487304.7469423,26,1.626
1785487304.7469423,27,1.609
1785487304.7469423,28,1.608
1785487304.7469423,29,1.59
1785487304.7469423,30,1.572
1785487304.7469423,31,1.555
1785487304.7469423,32,1.55
1785487304.7469423,33,1.533
1785487304.7469423,34,1.504
1785487304.7469423,35,1.485
1785487304.7469423,36,1.453
1785487304.7469423,37,1.454
1785487304.7469423,38,1.44
1785487304.7469423,39,1.415
1785487304.7469423,40,1.404
1785487304.7469423,41,1.406
1785487304.7469423,42,1.397
1785487304.7469423,43,1.394
1785487304.7469423,44,1.386
1785487304.7469423,45,1.373
1785487304.7469423,46,1.381
1785487304.7469423,47,1.376
1785487304.7469423,48,1.353
1785487304.7469423,49,1.354
1785487304.7469423,50,1.357
1785487304.7469423,51,1.349
1785487304.7469423,52,1.353
1785487304.7469423,53,1.368
1785487304.7469423,54,1.354
1785487304.7469423,55,1.327
1785487304.7469423,56,1.291
1785487304.7469423,57,1.275
1785487304.7469423,58,1.284
1785487304.7469423,59,1.29
1785487304.7469423,60,1.284
1785487304.7469423,61,1.28
1785487304.7469423,62,1.291
1785487304.7469423,63,1.296
1785487304.7469423,64,1.304
1785487304.7469423,65,1.328
1785487304.7469423,66,1.349
1785487304.7469423,67,1.505
1785487304.7469423,68,1.62
1785487304.7469423,69,1.612
1785487304.7469423,70,1.629
1785487304.7469423,71,1.651
1785487304.7469423,72,1.733
1785487304.7469423,73,1.732
1785487304.7469423,74,1.737
1785487304.7469423,75,1.78
1785487304.7469423,76,1.761
1785487304.7469423,77,1.738
1785487304.7469423,78,1.711
1785487304.7469423,79,1.696
1785487304.7469423,80,1.671
1785487304.7469423,81,1.649
1785487304.7469423,82,1.632
1785487304.7469423,83,1.612
1785487304.7469423,84,1.589
1785487304.7469423,85,1.569
1785487304.7469423,86,1.534
1785487304.7469423,87,1.28
1785487304.7469423,88,1.064
1785487304.7469423,89,1.039
1785487304.7469423,90,1.035
1785487304.7469423,91,1.027
1785487304.7469423,92,1.033
1785487304.7469423,93,1.034
1785487304.7469423,94,1.033
1785487304.7469423,95,1.047
1785487304.7469423,96,1.021
1785487304.7469423,97,0.887
1785487304.7469423,98,0.793
1785487304.7469423,99,0.774
1785487304.7469423,100,0.757
1785487304.7469423,101,0.766
1785487304.7469423,102,0.758
1785487304.7469423,103,0.754
1785487304.7469423,104,0.764
1785487304.7469423,105,0.76
1785487304.7469423,106,0.762
1785487304.7469423,107,0.762
1785487304.7469423,108,0.767
1785487304.7469423,109,0.763
1785487304.7469423,110,0.766
1785487304.7469423,111,0.772
1785487304.7469423,112,0.782
1785487304.7469423,113,0.783
1785487304.7469423,114,0.8
1785487304.7469423,115,0.844
1785487304.7469423,116,0.85
1785487304.7469423,117,0.854
1785487304.7469423,118,0.849
1785487304.7469423,119,0.842
1785487304.7469423,120,0.838
1785487304.7469423,121,0.825
1785487304.7469423,122,0.821
1785487304.7469423,123,0.817
1785487304.7469423,124,0.811
1785487304.7469423,125,0.811
1785487304.7469423,126,0.801
1785487304.7469423,127,0.78
1785487304.7469423,128,0.72
1785487304.7469423,129,0.659
1785487304.7469423,130,0.596
1785487304.7469423,131,0.576
1785487304.7469423,132,0.578
1785487304.7469423,133,0.573
1785487304.7469423,134,0.57
1785487304.7469423,135,0.568
1785487304.7469423,136,0.565
1785487304.7469423,137,0.564
1785487304.7469423,138,0.568
1785487304.7469423,139,0.535
1785487304.7469423,140,0.501
1785487304.7469423,141,0.492
1785487304.7469423,142,0.488
1785487304.7469423,143,0.484
1785487304.7469423,144,0.473
1785487304.7469423,145,0.463
1785487304.7469423,146,0.461
1785487304.7469423,147,0.463
1785487304.7469423,148,0.458
1785487304.7469423,149,0.461
1785487304.7469423,150,0.461
1785487304.7469423,151,0.457
1785487304.7469423,152,0.454
1785487304.7469423,153,0.447
1785487304.7469423,154,0.447
1785487304.7469423,155,0.446
1785487304.7469423,156,0.446
1785487304.7469423,157,0.443
1785487304.7469423,158,0.441
1785487304.7469423,159,0.441
1785487304.7469423,160,0.438
1785487304.7469423,161,0.435
1785487304.7469423,162,0.437
1785487304.7469423,163,0.432
1785487304.7469423,164,0.433
1785487304.7469423,165,0.429
1785487304.7469423,166,0.431
1785487304.7469423,167,0.431
1785487304.7469423,168,0.431
1785487304.7469423,169,0.426
1785487304.7469423,170,0.429
1785487304.7469423,171,0.425
1785487304.7469423,172,0.426
1785487304.7469423,173,0.423
1785487304.7469423,174,0.422
1785487304.7469423,175,0.427
1785487304.7469423,176,0.421
1785487304.7469423,177,0.418
1785487304.7469423,178,0.422
1785487304.7469423,179,0.421
1785487304.7469423,180,0.427
1785487304.7469423,181,0.423
1785487304.7469423,182,0.425
1785487304.7469423,183,0.424
1785487304.7469423,184,0.425
1785487304.7469423,185,0.424
1785487304.7469423,186,0.427
1785487304.7469423,187,0.426
1785487304.7469423,188,0.426
1785487304.7469423,189,0.429
1785487304.7469423,190,0.423
1785487304.7469423,191,0.421
1785487304.7469423,192,0.416
1785487304.7469423,193,0.35
1785487304.7469423,194,0.265
1785487304.7469423,195,0.222
1785487304.7469423,196,0.202
1785487304.7469423,197,0.193
1785487304.7469423,198,0.193
1785487304.7469423,199,0.173
1785487304.7469423,200,0.002
1785487304.7469423,201,0.181
1785487304.7469423,202,0.002
1785487304.7469423,203,0.177
1785487304.7469423,204,0.164
1785487304.7469423,205,0.173
1785487304.7469423,206,0.002
1785487304.7469423,207,0.173
1785487304.7469423,208,0.155
1785487304.7469423,209,0.178
1785487304.7469423,210,0.18
1785487304.7469423,211,0.173
1785487304.7469423,212,0.177
1785487304.7469423,213,0.162
1785487304.7469423,214,0.178
1785487304.7469423,215,0.161
1785487304.7469423,216,0.169
1785487304.7469423,217,0.17
1785487304.7469423,218,0.162
1785487304.7469423,219,0.164
1785487304.7469423,220,0.165
1785487304.7469423,221,0.166
1785487304.7469423,222,0.168
1785487304.7469423,223,0.169
1785487304.7469423,224,0.161
1785487304.7469423,225,0.162
1785487304.7469423,226,0.164
1785487304.7469423,227,0.165
1785487304.7469423,228,0.169
1785487304.7469423,229,0.159
1785487304.7469423,230,0.165
1785487304.7469423,231,0.164
1785487304.7469423,232,0.159
1785487304.7469423,233,0.159
1785487304.7469423,234,0.159
1785487304.7469423,235,0.161
1785487304.7469423,236,0.161
1785487304.7469423,237,0.161
1785487304.7469423,238,0.161
1785487304.7469423,239,0.16
1785487304.7469423,240,0.163
1785487304.7469423,241,0.163
1785487304.7469423,242,0.162
1785487304.7469423,243,0.162
1785487304.7469423,244,0.159
1785487304.7469423,245,0.164
1785487304.7469423,246,0.16
1785487304.7469423,247,0.16
1785487304.7469423,248,0.161
1785487304.7469423,249,0.16
1785487304.7469423,250,0.159
1785487304.7469423,251,0.158
1785487304.7469423,252,0.16
1785487304.7469423,253,0.157
1785487304.7469423,254,0.159
1785487304.7469423,255,0.159
1785487304.7469423,256,0.157
1785487304.7469423,257,0.158
1785487304.7469423,258,0.162
1785487304.7469423,259,0.154
1785487304.7469423,260,0.156
1785487304.7469423,261,0.161
1785487304.7469423,262,0.156
1785487304.7469423,263,0.16
1785487304.7469423,264,0.16
1785487304.7469423,265,0.158
1785487304.7469423,266,0.157
1785487304.7469423,267,0.161
1785487304.7469423,268,0.159
1785487304.7469423,269,0.162
1785487304.7469423,270,0.161
1785487304.7469423,271,0.16
1785487304.7469423,272,0.161
1785487304.7469423,273,0.158
1785487304.7469423,274,0.16
1785487304.7469423,275,0.156
1785487304.7469423,276,0.159
1785487304.7469423,277,0.159
1785487304.7469423,278,0.157
1785487304.7469423,279,0.161
1785487304.7469423,280,0.161
1785487304.7469423,281,0.161
1785487304.7469423,282,0.162
1785487304.7469423,283,0.16
1785487304.7469423,284,0.162
1785487304.7469423,285,0.163
1785487304.7469423,286,0.161
1785487304.7469423,287,0.163
1785487304.7469423,288,0.16
1785487304.7469423,289,0.161
1785487304.7469423,290,0.162
1785487304.7469423,291,0.16
1785487304.7469423,292,0.163
1785487304.7469423,293,0.161
1785487304.7469423,294,0.158
1785487304.7469423,295,0.165
1785487304.7469423,296,0.168
1785487304.7469423,297,0.163
1785487304.7469423,298,0.161
1785487304.7469423,299,0.161
1785487304.7469423,300,0.159
1785487304.7469423,301,0.163
1785487304.7469423,302,0.168
1785487304.7469423,303,0.17
1785487304.7469423,304,0.161
1785487304.7469423,305,0.161
1785487304.7469423,306,0.169
1785487304.7469423,307,0.159
1785487304.7469423,308,0.166
1785487304.7469423,309,0.172
1785487304.7469423,310,0.168
1785487304.7469423,311,0.165
1785487304.7469423,312,0.167
1785487304.7469423,313,0.165
1785487304.7469423,314,0.168
1785487304.7469423,315,0.164
1785487304.7469423,316,0.169
1785487304.7469423,317,0.178
1785487304.7469423,318,0.166
1785487304.7469423,319,0.171
1785487304.7469423,320,0.174
1785487304.7469423,321,0.169
1785487304.7469423,322,0.171
1785487304.7469423,323,0.164
1785487304.7469423,324,0.169
1785487304.7469423,325,0.162
1785487304.7469423,326,0.178
1785487304.7469423,327,0.169
1785487304.7469423,328,0.177
1785487304.7469423,329,0.18
1785487304.7469423,330,0.165
1785487304.7469423,331,0.176
1785487304.7469423,332,0.177
1785487304.7469423,333,0.18
1785487304.7469423,334,0.176
1785487304.7469423,335,0.177
1785487304.7469423,336,0.181
1785487304.7469423,337,0.171
1785487304.7469423,338,0.181
1785487304.7469423,339,0.168
1785487304.7469423,340,0.178
1785487304.7469423,341,0.168
1785487304.7469423,342,0.181
1785487304.7469423,343,0.183
1785487304.7469423,344,0.184
1785487304.7469423,345,0.172
1785487304.7469423,346,0.186
1785487304.7469423,347,0.174
1785487304.7469423,348,0.181
1785487304.7469423,349,0.168
1785487304.7469423,350,0.178
1785487304.7469423,351,0.189
1785487304.7469423,352,0.192
1785487304.7469423,353,0.18
1785487304.7469423,354,0.179
1785487304.7469423,355,0.178
1785487304.7469423,356,0.184
1785487304.7469423,357,0.199
1785487304.7469423,358,0.207
1785487304.7469423,359,0.193
1785487304.7469423,360,0.19
1785487304.7469423,361,0.196
1785487304.7469423,362,0.184
1785487304.7469423,363,0.002
1785487304.7469423,364,0.002
1785487304.7469423,365,0.002
1785487304.7469423,366,0.0
1785487304.7469423,367,0.002
1785487304.7469423,368,0.182
1785487304.7469423,369,0.0
1785487304.7469423,370,0.0
1785487304.7469423,371,0.0
1785487304.7469423,372,0.002
1785487304.7469423,373,0.0
1785487304.7469423,374,0.0
1785487304.7469423,375,0.0
1785487304.7469423,376,0.0
1785487304.7469423,377,0.0
1785487304.7469423,378,0.0
1785487304.7469423,379,0.0
1785487304.7469423,380,0.0
1785487304.7469423,381,0.0
1785487304.7469423,382,0.0
1785487304.7469423,383,0.0
1785487304.7469423,384,0.0
1785487304.7469423,385,0.0
1785487304.7469423,386,0.0
1785487304.7469423,387,0.0
1785487304.7469423,388,0.0
1785487304.7469423,389,0.0
1785487304.7469423,390,0.0
1785487304.7469423,391,0.0
1785487304.7469423,392,0.0
1785487304.7469423,393,0.0
1785487304.7469423,394,0.0
1785487304.7469423,395,0.0
1785487304.7469423,396,0.0
1785487304.7469423,397,0.0
1785487304.7469423,398,0.0
1785487304.7469423,399,0.0
1785487304.7469423,400,0.0
1785487304.7469423,401,0.0
1785487304.7469423,402,0.0
1785487304.7469423,403,0.0
1785487304.7469423,404,0.0
1785487304.7469423,405,0.0
1785487304.7469423,406,0.0
1785487304.7469423,407,0.0
1785487304.7469423,408,0.0
1785487304.7469423,409,0.0
1785487304.7469423,410,0.0
1785487304.7469423,411,0.0
1785487304.7469423,412,0.0
1785487304.7469423,413,0.0
1785487304.7469423,414,0.0
1785487304.7469423,415,0.0
1785487304.7469423,416,0.0
1785487304.7469423,417,0.0
1785487304.7469423,418,0.0
1785487304.7469423,419,0.0
1785487304.7469423,420,0.0
1785487304.841325,0,3.007
1785487304.841325,1,3.011
1785487304.841325,2,3.012
1785487304.841325,3,3.015
1785487304.841325,4,3.016
1785487304.841325,5,3.018
1785487304.841325,6,3.019
1785487304.841325,7,3.022
1785487304.841325,8,3.026
1785487304.841325,9,3.027
1785487304.841325,10,3.025
1785487304.841325,11,3.031
1785487304.841325,12,3.034
1785487304.841325,13,3.033
1785487304.841325,14,3.04
1785487304.841325,15,3.042
1785487304.841325,16,3.046
1785487304.841325,17,3.053
1785487304.841325,18,3.05
1785487304.841325,19,1.511
1785487304.841325,20,1.698
1785487304.841325,21,1.698
1785487304.841325,22,1.668
1785487304.841325,23,1.665
1785487304.841325,24,1.659
1785487304.841325,25,1.652
1785487304.841325,26,1.625
1785487304.841325,27,1.608
1785487304.841325,28,1.61
1785487304.841325,29,1.602
1785487304.841325,30,1.575
1785487304.841325,31,1.55
1785487304.841325,32,1.541
1785487304.841325,33,1.522
1785487304.841325,34,1.505
1785487304.841325,35,1.482
1785487304.841325,36,1.459
1785487304.841325,37,1.447
1785487304.841325,38,1.436
1785487304.841325,39,1.425
1785487304.841325,40,1.411
1785487304.841325,41,1.408
1785487304.841325,42,1.392
1785487304.841325,43,1.393
1785487304.841325,44,1.381
1785487304.841325,45,1.369
1785487304.841325,46,1.379
1785487304.841325,47,1.375
1785487304.841325,48,1.36
1785487304.841325,49,1.364
1785487304.841325,50,1.355
1785487304.841325,51,1.34
1785487304.841325,52,1.347
1785487304.841325,53,1.36
1785487304.841325,54,1.351
1785487304.841325,55,1.329
1785487304.841325,56,1.29
1785487304.841325,57,1.285
1785487304.841325,58,1.288
1785487304.841325,59,1.292
1785487304.841325,60,1.28
1785487304.841325,61,1.292
1785487304.841325,62,1.295
1785487304.841325,63,1.293
1785487304.841325,64,1.306
1785487304.841325,65,1.322
1785487304.841325,66,1.351
1785487304.841325,67,1.513
1785487304.841325,68,1.62
1785487304.841325,69,1.625
1785487304.841325,70,1.636
1785487304.841325,71,1.657
1785487304.841325,72,1.733
1785487304.841325,73,1.73
1785487304.841325,74,1.736
1785487304.841325,75,1.791
1785487304.841325,76,1.774
1785487304.841325,77,1.744
1785487304.841325,78,1.723
1785487304.841325,79,1.69
1785487304.841325,80,1.674
1785487304.841325,81,1.653
1785487304.841325,82,1.618
1785487304.841325,83,1.602
1785487304.841325,84,1.575
1785487304.841325,85,1.566
1785487304.841325,86,1.531
1785487304.841325,87,1.272
1785487304.841325,88,1.072
1785487304.841325,89,1.051
1785487304.841325,90,1.045
1785487304.841325,91,1.033
1785487304.841325,92,1.027
1785487304.841325,93,1.032
1785487304.841325,94,1.034
1785487304.841325,95,1.038
1785487304.841325,96,1.025
1785487304.841325,97,0.879
1785487304.841325,98,0.782
1785487304.841325,99,0.77
1785487304.841325,100,0.769
1785487304.841325,101,0.767
1785487304.841325,102,0.766
1785487304.841325,103,0.771
1785487304.841325,104,0.767
1785487304.841325,105,0.76
1785487304.841325,106,0.765
1785487304.841325,107,0.764
1785487304.841325,108,0.764
1785487304.841325,109,0.767
1785487304.841325,110,0.772
1785487304.841325,111,0.774
1785487304.841325,112,0.778
1785487304.841325,113,0.779
1785487304.841325,114,0.788
1785487304.841325,115,0.845
1785487304.841325,116,0.862
1785487304.841325,117,0.847
1785487304.841325,118,0.846
1785487304.841325,119,0.843
1785487304.841325,120,0.832
1785487304.841325,121,0.833
1785487304.841325,122,0.826
1785487304.841325,123,0.827
1785487304.841325,124,0.817
1785487304.841325,125,0.81
1785487304.841325,126,0.8
1785487304.841325,127,0.769
1785487304.841325,128,0.719
1785487304.841325,129,0.653
1785487304.841325,130,0.601
1785487304.841325,131,0.578
1785487304.841325,132,0.572
1785487304.841325,133,0.577
1785487304.841325,134,0.569
1785487304.841325,135,0.574
1785487304.841325,136,0.578
1785487304.841325,137,0.562
1785487304.841325,138,0.574
1785487304.841325,139,0.529
1785487304.841325,140,0.5
1785487304.841325,141,0.491
1785487304.841325,142,0.484
1785487304.841325,143,0.477
1785487304.841325,144,0.474
1785487304.841325,145,0.465
1785487304.841325,146,0.47
1785487304.841325,147,0.467
1785487304.841325,148,0.465
1785487304.841325,149,0.462
1785487304.841325,150,0.453
1785487304.841325,151,0.456
1785487304.841325,152,0.458
1785487304.841325,153,0.449
1785487304.841325,154,0.449
1785487304.841325,155,0.447
1785487304.841325,156,0.445
1785487304.841325,157,0.438
1785487304.841325,158,0.443
1785487304.841325,159,0.436
1785487304.841325,160,0.436
1785487304.841325,161,0.433
1785487304.841325,162,0.431
1785487304.841325,163,0.434
1785487304.841325,164,0.428
1785487304.841325,165,0.431
1785487304.841325,166,0.433
1785487304.841325,167,0.428
1785487304.841325,168,0.431
1785487304.841325,169,0.427
1785487304.841325,170,0.423
1785487304.841325,171,0.424
1785487304.841325,172,0.421
1785487304.841325,173,0.424
1785487304.841325,174,0.424
1785487304.841325,175,0.427
1785487304.841325,176,0.424
1785487304.841325,177,0.417
1785487304.841325,178,0.422
1785487304.841325,179,0.42
1785487304.841325,180,0.424
1785487304.841325,181,0.427
1785487304.841325,182,0.422
1785487304.841325,183,0.423
1785487304.841325,184,0.425
1785487304.841325,185,0.424
1785487304.841325,186,0.426
1785487304.841325,187,0.426
1785487304.841325,188,0.432
1785487304.841325,189,0.427
1785487304.841325,190,0.431
1785487304.841325,191,0.435
1785487304.841325,192,0.414
1785487304.841325,193,0.351
1785487304.841325,194,0.266
1785487304.841325,195,0.229
1785487304.841325,196,0.205
1785487304.841325,197,0.187
1785487304.841325,198,0.187
1785487304.841325,199,0.192
1785487304.841325,200,0.176
1785487304.841325,201,0.171
1785487304.841325,202,0.002
1785487304.841325,203,0.172
1785487304.841325,204,0.002
1785487304.841325,205,0.164
1785487304.841325,206,0.172
1785487304.841325,207,0.181
1785487304.841325,208,0.17
1785487304.841325,209,0.183
1785487304.841325,210,0.17
1785487304.841325,211,0.174
1785487304.841325,212,0.169
1785487304.841325,213,0.173
1785487304.841325,214,0.166
1785487304.841325,215,0.164
1785487304.841325,216,0.169
1785487304.841325,217,0.164
1785487304.841325,218,0.163
1785487304.841325,219,0.161
1785487304.841325,220,0.165
1785487304.841325,221,0.158
1785487304.841325,222,0.171
1785487304.841325,223,0.161
1785487304.841325,224,0.159
1785487304.841325,225,0.159
1785487304.841325,226,0.166
1785487304.841325,227,0.162
1785487304.841325,228,0.165
1785487304.841325,229,0.158
1785487304.841325,230,0.162
1785487304.841325,231,0.157
1785487304.841325,232,0.153
1785487304.841325,233,0.158
1785487304.841325,234,0.155
1785487304.841325,235,0.156
1785487304.841325,236,0.158
1785487304.841325,237,0.158
1785487304.841325,238,0.163
1785487304.841325,239,0.165
1785487304.841325,240,0.162
1785487304.841325,241,0.16
1785487304.841325,242,0.162
1785487304.841325,243,0.162
1785487304.841325,244,0.161
1785487304.841325,245,0.161
1785487304.841325,246,0.161
1785487304.841325,247,0.158
1785487304.841325,248,0.159
1785487304.841325,249,0.16
1785487304.841325,250,0.162
1785487304.841325,251,0.157
1785487304.841325,252,0.16
1785487304.841325,253,0.16
1785487304.841325,254,0.158
1785487304.841325,255,0.159
1785487304.841325,256,0.162
1785487304.841325,257,0.159
1785487304.841325,258,0.158
1785487304.841325,259,0.16
1785487304.841325,260,0.16
1785487304.841325,261,0.158
1785487304.841325,262,0.16
1785487304.841325,263,0.162
1785487304.841325,264,0.16
1785487304.841325,265,0.162
1785487304.841325,266,0.162
1785487304.841325,267,0.162
1785487304.841325,268,0.158
1785487304.841325,269,0.159
1785487304.841325,270,0.158
1785487304.841325,271,0.164
1785487304.841325,272,0.16
1785487304.841325,273,0.159
1785487304.841325,274,0.156
1785487304.841325,275,0.163
1785487304.841325,276,0.159
1785487304.841325,277,0.161
1785487304.841325,278,0.159
1785487304.841325,279,0.161
1785487304.841325,280,0.159
1785487304.841325,281,0.161
1785487304.841325,282,0.163
1785487304.841325,283,0.16
1785487304.841325,284,0.161
1785487304.841325,285,0.163
1785487304.841325,286,0.163
1785487304.841325,287,0.158
1785487304.841325,288,0.162
1785487304.841325,289,0.167
1785487304.841325,290,0.163
1785487304.841325,291,0.166
1785487304.841325,292,0.166
1785487304.841325,293,0.161
1785487304.841325,294,0.161
1785487304.841325,295,0.167
1785487304.841325,296,0.165
1785487304.841325,297,0.158
1785487304.841325,298,0.165
1785487304.841325,299,0.164
1785487304.841325,300,0.168
1785487304.841325,301,0.165
1785487304.841325,302,0.17
1785487304.841325,303,0.163
1785487304.841325,304,0.168
1785487304.841325,305,0.17
1785487304.841325,306,0.161
1785487304.841325,307,0.157
1785487304.841325,308,0.167
1785487304.841325,309,0.172
1785487304.841325,310,0.167
1785487304.841325,311,0.166
1785487304.841325,312,0.17
1785487304.841325,313,0.169
1785487304.841325,314,0.165
1785487304.841325,315,0.17
1785487304.841325,316,0.16
1785487304.841325,317,0.174
1785487304.841325,318,0.173
1785487304.841325,319,0.178
1785487304.841325,320,0.172
1785487304.841325,321,0.166
1785487304.841325,322,0.16
1785487304.841325,323,0.179
1785487304.841325,324,0.168
1785487304.841325,325,0.161
1785487304.841325,326,0.174
1785487304.841325,327,0.172
1785487304.841325,328,0.167
1785487304.841325,329,0.172
1785487304.841325,330,0.172
1785487304.841325,331,0.169
1785487304.841325,332,0.179
1785487304.841325,333,0.177
1785487304.841325,334,0.186
1785487304.841325,335,0.18
1785487304.841325,336,0.167
1785487304.841325,337,0.163
1785487304.841325,338,0.179
1785487304.841325,339,0.177
1785487304.841325,340,0.175
1785487304.841325,341,0.186
1785487304.841325,342,0.17
1785487304.841325,343,0.171
1785487304.841325,344,0.181
1785487304.841325,345,0.181
1785487304.841325,346,0.171
1785487304.841325,347,0.175
1785487304.841325,348,0.182
1785487304.841325,349,0.185
1785487304.841325,350,0.184
1785487304.841325,351,0.18
1785487304.841325,352,0.19
1785487304.841325,353,0.18
1785487304.841325,354,0.182
1785487304.841325,355,0.208
1785487304.841325,356,0.186
1785487304.841325,357,0.202
1785487304.841325,358,0.181
1785487304.841325,359,0.191
1785487304.841325,360,0.002
1785487304.841325,361,0.002
1785487304.841325,362,0.002
1785487304.841325,363,0.194
1785487304.841325,364,0.188
1785487304.841325,365,0.002
1785487304.841325,366,0.002
1785487304.841325,367,0.203
1785487304.841325,368,0.002
1785487304.841325,369,0.19
1785487304.841325,370,0.0
1785487304.841325,371,0.002
1785487304.841325,372,0.197
1785487304.841325,373,0.002
1785487304.841325,374,0.0
1785487304.841325,375,0.0
1785487304.841325,376,0.0
1785487304.841325,377,0.0
1785487304.841325,378,0.0
1785487304.841325,379,0.0
1785487304.841325,380,0.0
1785487304.841325,381,0.0
1785487304.841325,382,0.0
1785487304.841325,383,0.0
1785487304.841325,384,0.0
1785487304.841325,385,0.0
1785487304.841325,386,0.0
1785487304.841325,387,0.0
1785487304.841325,388,0.0
1785487304.841325,389,0.0
1785487304.841325,390,0.0
1785487304.841325,391,0.0
1785487304.841325,392,0.0
1785487304.841325,393,0.0
1785487304.841325,394,0.0
1785487304.841325,395,0.0
1785487304.841325,396,0.0
1785487304.841325,397,0.0
1785487304.841325,398,0.0
1785487304.841325,399,0.0
1785487304.841325,400,0.0
1785487304.841325,401,0.0
1785487304.841325,402,0.0
1785487304.841325,403,0.0
1785487304.841325,404,0.0
1785487304.841325,405,0.0
1785487304.841325,406,0.0
1785487304.841325,407,0.0
1785487304.841325,408,0.0
1785487304.841325,409,0.0
1785487304.841325,410,0.0
1785487304.841325,411,0.0
1785487304.841325,412,0.0
1785487304.841325,413,0.0
1785487304.841325,414,0.0
1785487304.841325,415,0.0
1785487304.841325,416,0.0
1785487304.841325,417,0.0
1785487304.841325,418,0.0
1785487304.841325,419,0.0
1785487304.841325,420,0.0
1785487304.8848152,0,3.011
1785487304.8848152,1,3.009
1785487304.8848152,2,3.011
1785487304.8848152,3,3.013
1785487304.8848152,4,3.02
1785487304.8848152,5,3.017
1785487304.8848152,6,3.023
1785487304.8848152,7,3.023
1785487304.8848152,8,3.025
1785487304.8848152,9,3.031
1785487304.8848152,10,3.03
1785487304.8848152,11,3.033
1785487304.8848152,12,3.035
1785487304.8848152,13,3.036
1785487304.8848152,14,3.038
1785487304.8848152,15,3.04
1785487304.8848152,16,3.044
1785487304.8848152,17,3.056
1785487304.8848152,18,3.055
1785487304.8848152,19,3.122
1785487304.8848152,20,1.701
1785487304.8848152,21,1.698
1785487304.8848152,22,1.667
1785487304.8848152,23,1.666
1785487304.8848152,24,1.656
1785487304.8848152,25,1.642
1785487304.8848152,26,1.621
1785487304.8848152,27,1.601
1785487304.8848152,28,1.601
1785487304.8848152,29,1.589
1785487304.8848152,30,1.57
1785487304.8848152,31,1.543
1785487304.8848152,32,1.533
1785487304.8848152,33,1.527
1785487304.8848152,34,1.497
1785487304.8848152,35,1.476
1785487304.8848152,36,1.466
1785487304.8848152,37,1.458
1785487304.8848152,38,1.438
1785487304.8848152,39,1.414
1785487304.8848152,40,1.406
1785487304.8848152,41,1.407
1785487304.8848152,42,1.403
1785487304.8848152,43,1.383
1785487304.8848152,44,1.378
1785487304.8848152,45,1.372
1785487304.8848152,46,1.377
1785487304.8848152,47,1.376
1785487304.8848152,48,1.364
1785487304.8848152,49,1.358
1785487304.8848152,50,1.35
1785487304.8848152,51,1.343
1785487304.8848152,52,1.338
1785487304.8848152,53,1.358
1785487304.8848152,54,1.358
1785487304.8848152,55,1.321
1785487304.8848152,56,1.289
1785487304.8848152,57,1.279
1785487304.8848152,58,1.288
1785487304.8848152,59,1.279
1785487304.8848152,60,1.279
1785487304.8848152,61,1.295
1785487304.8848152,62,1.288
1785487304.8848152,63,1.3
1785487304.8848152,64,1.304
1785487304.8848152,65,1.325
1785487304.8848152,66,1.352
1785487304.8848152,67,1.505
1785487304.8848152,68,1.621
1785487304.8848152,69,1.616
1785487304.8848152,70,1.639
1785487304.8848152,71,1.645
1785487304.8848152,72,1.733
1785487304.8848152,73,1.729
1785487304.8848152,74,1.75
1785487304.8848152,75,1.791
1785487304.8848152,76,1.77
1785487304.8848152,77,1.745
1785487304.8848152,78,1.716
1785487304.8848152,79,1.69
1785487304.8848152,80,1.673
1785487304.8848152,81,1.656
1785487304.8848152,82,1.628
1785487304.8848152,83,1.601
1785487304.8848152,84,1.587
1785487304.8848152,85,1.567
1785487304.8848152,86,1.532
1785487304.8848152,87,1.275
1785487304.8848152,88,1.069
1785487304.8848152,89,1.04
1785487304.8848152,90,1.047
1785487304.8848152,91,1.035
1785487304.8848152,92,1.034
1785487304.8848152,93,1.036
1785487304.8848152,94,1.046
1785487304.8848152,95,1.037
1785487304.8848152,96,1.022
1785487304.8848152,97,0.883
1785487304.8848152,98,0.788
1785487304.8848152,99,0.773
1785487304.8848152,100,0.766
1785487304.8848152,101,0.768
1785487304.8848152,102,0.766
1785487304.8848152,103,0.765
1785487304.8848152,104,0.766
1785487304.8848152,105,0.763
1785487304.8848152,106,0.762
1785487304.8848152,107,0.762
1785487304.8848152,108,0.763
1785487304.8848152,109,0.769
1785487304.8848152,110,0.768
1785487304.8848152,111,0.772
1785487304.8848152,112,0.775
1785487304.8848152,113,0.78
1785487304.8848152,114,0.804
1785487304.8848152,115,0.849
1785487304.8848152,116,0.862
1785487304.8848152,117,0.853
1785487304.8848152,118,0.841
1785487304.8848152,119,0.842
1785487304.8848152,120,0.832
1785487304.8848152,121,0.831
1785487304.8848152,122,0.829
1785487304.8848152,123,0.823
1785487304.8848152,124,0.818
1785487304.8848152,125,0.803
1785487304.8848152,126,0.805
1785487304.8848152,127,0.768
1785487304.8848152,128,0.719
1785487304.8848152,129,0.642
1785487304.8848152,130,0.592
1785487304.8848152,131,0.575
1785487304.8848152,132,0.563
1785487304.8848152,133,0.568
1785487304.8848152,134,0.572
1785487304.8848152,135,0.573
1785487304.8848152,136,0.566
1785487304.8848152,137,0.566
1785487304.8848152,138,0.574
1785487304.8848152,139,0.529
1785487304.8848152,140,0.499
1785487304.8848152,141,0.491
1785487304.8848152,142,0.482
1785487304.8848152,143,0.481
1785487304.8848152,144,0.477
1785487304.8848152,145,0.477
1785487304.8848152,146,0.477
1785487304.8848152,147,0.465
1785487304.8848152,148,0.463
1785487304.8848152,149,0.461
1785487304.8848152,150,0.458
1785487304.8848152,151,0.456
1785487304.8848152,152,0.453
1785487304.8848152,153,0.448
1785487304.8848152,154,0.449
1785487304.8848152,155,0.443
1785487304.8848152,156,0.445
1785487304.8848152,157,0.445
1785487304.8848152,158,0.442
1785487304.8848152,159,0.438
1785487304.8848152,160,0.441
1785487304.8848152,161,0.437
1785487304.8848152,162,0.436
1785487304.8848152,163,0.436
1785487304.8848152,164,0.431
1785487304.8848152,165,0.43
1785487304.8848152,166,0.432
1785487304.8848152,167,0.429
1785487304.8848152,168,0.429
1785487304.8848152,169,0.424
1785487304.8848152,170,0.426
1785487304.8848152,171,0.428
1785487304.8848152,172,0.425
1785487304.8848152,173,0.425
1785487304.8848152,174,0.429
1785487304.8848152,175,0.428
1785487304.8848152,176,0.426
1785487304.8848152,177,0.418
1785487304.8848152,178,0.42
1785487304.8848152,179,0.418
1785487304.8848152,180,0.421
1785487304.8848152,181,0.426
1785487304.8848152,182,0.423
1785487304.8848152,183,0.422
1785487304.8848152,184,0.426
1785487304.8848152,185,0.422
1785487304.8848152,186,0.428
1785487304.8848152,187,0.429
1785487304.8848152,188,0.427
1785487304.8848152,189,0.43
1785487304.8848152,190,0.43
1785487304.8848152,191,0.433
1785487304.8848152,192,0.418
1785487304.8848152,193,0.347
1785487304.8848152,194,0.271
1785487304.8848152,195,0.221
1785487304.8848152,196,0.2
1785487304.8848152,197,0.187
1785487304.8848152,198,0.184
1785487304.8848152,199,0.192
1785487304.8848152,200,0.179
1785487304.8848152,201,0.002
1785487304.8848152,202,0.002
1785487304.8848152,203,0.178
1785487304.8848152,204,0.179
1785487304.8848152,205,0.002
1785487304.8848152,206,0.172
1785487304.8848152,207,0.175
1785487304.8848152,208,0.17
1785487304.8848152,209,0.172
1785487304.8848152,210,0.165
1785487304.8848152,211,0.16
1785487304.8848152,212,0.179
1785487304.8848152,213,0.162
1785487304.8848152,214,0.161
1785487304.8848152,215,0.163
1785487304.8848152,216,0.17
1785487304.8848152,217,0.166
1785487304.8848152,218,0.162
1785487304.8848152,219,0.169
1785487304.8848152,220,0.169
1785487304.8848152,221,0.176
1785487304.8848152,222,0.163
1785487304.8848152,223,0.16
1785487304.8848152,224,0.168
1785487304.8848152,225,0.165
1785487304.8848152,226,0.162
1785487304.8848152,227,0.168
1785487304.8848152,228,0.169
1785487304.8848152,229,0.159
1785487304.8848152,230,0.165
1785487304.8848152,231,0.161
1785487304.8848152,232,0.161
1785487304.8848152,233,0.162
1785487304.8848152,234,0.159
1785487304.8848152,235,0.166
1785487304.8848152,236,0.161
1785487304.8848152,237,0.161
1785487304.8848152,238,0.164
1785487304.8848152,239,0.163
1785487304.8848152,240,0.162
1785487304.8848152,241,0.161
1785487304.8848152,242,0.163
1785487304.8848152,243,0.161
1785487304.8848152,244,0.165
1785487304.8848152,245,0.165
1785487304.8848152,246,0.162
1785487304.8848152,247,0.162
1785487304.8848152,248,0.164
1785487304.8848152,249,0.16
1785487304.8848152,250,0.163
1785487304.8848152,251,0.16
1785487304.8848152,252,0.158
1785487304.8848152,253,0.162
1785487304.8848152,254,0.163
1785487304.8848152,255,0.164
1785487304.8848152,256,0.159
1785487304.8848152,257,0.159
1785487304.8848152,258,0.16
1785487304.8848152,259,0.158
1785487304.8848152,260,0.156
1785487304.8848152,261,0.16
1785487304.8848152,262,0.157
1785487304.8848152,263,0.158
1785487304.8848152,264,0.156
1785487304.8848152,265,0.158
1785487304.8848152,266,0.163
1785487304.8848152,267,0.164
1785487304.8848152,268,0.159
1785487304.8848152,269,0.162
1785487304.8848152,270,0.16
1785487304.8848152,271,0.161
1785487304.8848152,272,0.163
1785487304.8848152,273,0.158
1785487304.8848152,274,0.162
1785487304.8848152,275,0.162
1785487304.8848152,276,0.162
1785487304.8848152,277,0.162
1785487304.8848152,278,0.158
1785487304.8848152,279,0.159
1785487304.8848152,280,0.16
1785487304.8848152,281,0.163
1785487304.8848152,282,0.159
1785487304.8848152,283,0.163
1785487304.8848152,284,0.161
1785487304.8848152,285,0.163
1785487304.8848152,286,0.164
1785487304.8848152,287,0.159
1785487304.8848152,288,0.163
1785487304.8848152,289,0.163
1785487304.8848152,290,0.162
1785487304.8848152,291,0.168
1785487304.8848152,292,0.163
1785487304.8848152,293,0.163
1785487304.8848152,294,0.163
1785487304.8848152,295,0.167
1785487304.8848152,296,0.165
1785487304.8848152,297,0.159
1785487304.8848152,298,0.157
1785487304.8848152,299,0.165
1785487304.8848152,300,0.163
1785487304.8848152,301,0.166
1785487304.8848152,302,0.168
1785487304.8848152,303,0.169
1785487304.8848152,304,0.161
1785487304.8848152,305,0.168
1785487304.8848152,306,0.163
1785487304.8848152,307,0.166
1785487304.8848152,308,0.166
1785487304.8848152,309,0.164
1785487304.8848152,310,0.165
1785487304.8848152,311,0.17
1785487304.8848152,312,0.168
1785487304.8848152,313,0.172
1785487304.8848152,314,0.161
1785487304.8848152,315,0.166
1785487304.8848152,316,0.169
1785487304.8848152,317,0.165
1785487304.8848152,318,0.166
1785487304.8848152,319,0.166
1785487304.8848152,320,0.177
1785487304.8848152,321,0.159
1785487304.8848152,322,0.166
1785487304.8848152,323,0.166
1785487304.8848152,324,0.177
1785487304.8848152,325,0.166
1785487304.8848152,326,0.177
1785487304.8848152,327,0.168
1785487304.8848152,328,0.176
1785487304.8848152,329,0.175
1785487304.8848152,330,0.168
1785487304.8848152,331,0.175
1785487304.8848152,332,0.178
1785487304.8848152,333,0.183
1785487304.8848152,334,0.177
1785487304.8848152,335,0.187
1785487304.8848152,336,0.161
1785487304.8848152,337,0.167
1785487304.8848152,338,0.177
1785487304.8848152,339,0.173
1785487304.8848152,340,0.169
1785487304.8848152,341,0.176
1785487304.8848152,342,0.181
1785487304.8848152,343,0.173
1785487304.8848152,344,0.185
1785487304.8848152,345,0.168
1785487304.8848152,346,0.174
1785487304.8848152,347,0.19
1785487304.8848152,348,0.171
1785487304.8848152,349,0.194
1785487304.8848152,350,0.184
1785487304.8848152,351,0.178
1785487304.8848152,352,0.175
1785487304.8848152,353,0.188
1785487304.8848152,354,0.19
1785487304.8848152,355,0.002
1785487304.8848152,356,0.002
1785487304.8848152,357,0.186
1785487304.8848152,358,0.197
1785487304.8848152,359,0.182
1785487304.8848152,360,0.187
1785487304.8848152,361,0.0
1785487304.8848152,362,0.002
1785487304.8848152,363,0.002
1785487304.8848152,364,0.188
1785487304.8848152,365,0.206
1785487304.8848152,366,0.0
1785487304.8848152,367,0.195
1785487304.8848152,368,0.002
1785487304.8848152,369,0.002
1785487304.8848152,370,0.002
1785487304.8848152,371,0.0
1785487304.8848152,372,0.002
1785487304.8848152,373,0.0
1785487304.8848152,374,0.0
1785487304.8848152,375,0.0
1785487304.8848152,376,0.0
1785487304.8848152,377,0.0
1785487304.8848152,378,0.0
1785487304.8848152,379,0.0
1785487304.8848152,380,0.0
1785487304.8848152,381,0.0
1785487304.8848152,382,0.0
1785487304.8848152,383,0.0
1785487304.8848152,384,0.0
1785487304.8848152,385,0.0
1785487304.8848152,386,0.0
1785487304.8848152,387,0.0
1785487304.8848152,388,0.0
1785487304.8848152,389,0.0
1785487304.8848152,390,0.0
1785487304.8848152,391,0.0
1785487304.8848152,392,0.0
1785487304.8848152,393,0.0
1785487304.8848152,394,0.0
1785487304.8848152,395,0.0
1785487304.8848152,396,0.0
1785487304.8848152,397,0.0
1785487304.8848152,398,0.0
1785487304.8848152,399,0.0
1785487304.8848152,400,0.0
1785487304.8848152,401,0.0
1785487304.8848152,402,0.0
1785487304.8848152,403,0.0
1785487304.8848152,404,0.0
1785487304.8848152,405,0.0
1785487304.8848152,406,0.0
1785487304.8848152,407,0.0
1785487304.8848152,408,0.0
1785487304.8848152,409,0.0
1785487304.8848152,410,0.0
1785487304.8848152,411,0.0
1785487304.8848152,412,0.0
1785487304.8848152,413,0.0
1785487304.8848152,414,0.0
1785487304.8848152,415,0.0
1785487304.8848152,416,0.0
1785487304.8848152,417,0.0
1785487304.8848152,418,0.0
1785487304.8848152,419,0.0
1785487304.8848152,420,0.0
1785487304.9474683,0,3.011
1785487304.9474683,1,3.009
1785487304.9474683,2,3.011
1785487304.9474683,3,3.014
1785487304.9474683,4,3.015
1785487304.9474683,5,3.02
1785487304.9474683,6,3.021
1785487304.9474683,7,3.023
1785487304.9474683,8,3.025
1785487304.9474683,9,3.03
1785487304.9474683,10,3.031
1785487304.9474683,11,3.03
1785487304.9474683,12,3.036
1785487304.9474683,13,3.039
1785487304.9474683,14,3.04
1785487304.9474683,15,3.047
1785487304.9474683,16,3.045
1785487304.9474683,17,3.05
1785487304.9474683,18,3.054
1785487304.9474683,19,1.502
1785487304.9474683,20,1.698
1785487304.9474683,21,1.689
1785487304.9474683,22,1.672
1785487304.9474683,23,1.666
1785487304.9474683,24,1.659
1785487304.9474683,25,1.641
1785487304.9474683,26,1.624
1785487304.9474683,27,1.606
1785487304.9474683,28,1.604
1785487304.9474683,29,1.59
1785487304.9474683,30,1.57
1785487304.9474683,31,1.555
1785487304.9474683,32,1.54
1785487304.9474683,33,1.532
1785487304.9474683,34,1.505
1785487304.9474683,35,1.476
1785487304.9474683,36,1.46
1785487304.9474683,37,1.449
1785487304.9474683,38,1.441
1785487304.9474683,39,1.421
1785487304.9474683,40,1.415
1785487304.9474683,41,1.395
1785487304.9474683,42,1.395
1785487304.9474683,43,1.379
1785487304.9474683,44,1.372
1785487304.9474683,45,1.372
1785487304.9474683,46,1.373
1785487304.9474683,47,1.371
1785487304.9474683,48,1.363
1785487304.9474683,49,1.364
1785487304.9474683,50,1.357
1785487304.9474683,51,1.343
1785487304.9474683,52,1.356
1785487304.9474683,53,1.357
1785487304.9474683,54,1.351
1785487304.9474683,55,1.331
1785487304.9474683,56,1.289
1785487304.9474683,57,1.282
1785487304.9474683,58,1.274
1785487304.9474683,59,1.287
1785487304.9474683,60,1.282
1785487304.9474683,61,1.289
1785487304.9474683,62,1.288
1785487304.9474683,63,1.286
1785487304.9474683,64,1.308
1785487304.9474683,65,1.318
1785487304.9474683,66,1.351
1785487304.9474683,67,1.501
1785487304.9474683,68,1.618
1785487304.9474683,69,1.613
1785487304.9474683,70,1.631
1785487304.9474683,71,1.648
1785487304.9474683,72,1.733
1785487304.9474683,73,1.729
1785487304.9474683,74,1.733
1785487304.9474683,75,1.782
1785487304.9474683,76,1.772
1785487304.9474683,77,1.746
1785487304.9474683,78,1.723
1785487304.9474683,79,1.694
1785487304.9474683,80,1.673
1785487304.9474683,81,1.653
1785487304.9474683,82,1.62
1785487304.9474683,83,1.608
1785487304.9474683,84,1.588
1785487304.9474683,85,1.568
1785487304.9474683,86,1.532
1785487304.9474683,87,1.282
1785487304.9474683,88,1.074
1785487304.9474683,89,1.042
1785487304.9474683,90,1.038
1785487304.9474683,91,1.035
1785487304.9474683,92,1.034
1785487304.9474683,93,1.045
1785487304.9474683,94,1.037
1785487304.9474683,95,1.04
1785487304.9474683,96,1.026
1785487304.9474683,97,0.876
1785487304.9474683,98,0.785
1785487304.9474683,99,0.765
1785487304.9474683,100,0.777
1785487304.9474683,101,0.756
1785487304.9474683,102,0.77
1785487304.9474683,103,0.766
1785487304.9474683,104,0.767
1785487304.9474683,105,0.76
1785487304.9474683,106,0.762
1785487304.9474683,107,0.766
1785487304.9474683,108,0.766
1785487304.9474683,109,0.767
1785487304.9474683,110,0.774
1785487304.9474683,111,0.77
1785487304.9474683,112,0.777
1785487304.9474683,113,0.776
1785487304.9474683,114,0.792
1785487304.9474683,115,0.843
1785487304.9474683,116,0.853
1785487304.9474683,117,0.843
1785487304.9474683,118,0.839
1785487304.9474683,119,0.833
1785487304.9474683,120,0.828
1785487304.9474683,121,0.833
1785487304.9474683,122,0.82
1785487304.9474683,123,0.812
1785487304.9474683,124,0.817
1785487304.9474683,125,0.811
1785487304.9474683,126,0.805
1785487304.9474683,127,0.771
1785487304.9474683,128,0.721
1785487304.9474683,129,0.646
1785487304.9474683,130,0.599
1785487304.9474683,131,0.576
1785487304.9474683,132,0.578
1785487304.9474683,133,0.566
1785487304.9474683,134,0.577
1785487304.9474683,135,0.571
1785487304.9474683,136,0.564
1785487304.9474683,137,0.564
1785487304.9474683,138,0.564
1785487304.9474683,139,0.535
1785487304.9474683,140,0.501
1785487304.9474683,141,0.49
1785487304.9474683,142,0.475
1785487304.9474683,143,0.479
1785487304.9474683,144,0.474
1785487304.9474683,145,0.469
1785487304.9474683,146,0.471
1785487304.9474683,147,0.467
1785487304.9474683,148,0.462
1785487304.9474683,149,0.456
1785487304.9474683,150,0.457
1785487304.9474683,151,0.456
1785487304.9474683,152,0.457
1785487304.9474683,153,0.45
1785487304.9474683,154,0.448
1785487304.9474683,155,0.447
1785487304.9474683,156,0.443
1785487304.9474683,157,0.446
1785487304.9474683,158,0.441
1785487304.9474683,159,0.441
1785487304.9474683,160,0.442
1785487304.9474683,161,0.433
1785487304.9474683,162,0.441
1785487304.9474683,163,0.436
1785487304.9474683,164,0.428
1785487304.9474683,165,0.43
1785487304.9474683,166,0.432
1785487304.9474683,167,0.428
1785487304.9474683,168,0.428
1785487304.9474683,169,0.428
1785487304.9474683,170,0.429
1785487304.9474683,171,0.424
1785487304.9474683,172,0.424
1785487304.9474683,173,0.422
1785487304.9474683,174,0.425
1785487304.9474683,175,0.427
1785487304.9474683,176,0.425
1785487304.9474683,177,0.418
1785487304.9474683,178,0.424
1785487304.9474683,179,0.418
1785487304.9474683,180,0.423
1785487304.9474683,181,0.426
1785487304.9474683,182,0.424
1785487304.9474683,183,0.424
1785487304.9474683,184,0.421
1785487304.9474683,185,0.427
1785487304.9474683,186,0.428
1785487304.9474683,187,0.428
1785487304.9474683,188,0.434
1785487304.9474683,189,0.424
1785487304.9474683,190,0.435
1785487304.9474683,191,0.429
1785487304.9474683,192,0.415
1785487304.9474683,193,0.348
1785487304.9474683,194,0.267
1785487304.9474683,195,0.224
1785487304.9474683,196,0.2
1785487304.9474683,197,0.19
1785487304.9474683,198,0.187
1785487304.9474683,199,0.177
1785487304.9474683,200,0.188
1785487304.9474683,201,0.16
1785487304.9474683,202,0.002
1785487304.9474683,203,0.167
1785487304.9474683,204,0.002
1785487304.9474683,205,0.002
1785487304.9474683,206,0.176
1785487304.9474683,207,0.166
1785487304.9474683,208,0.177
1785487304.9474683,209,0.166
1785487304.9474683,210,0.167
1785487304.9474683,211,0.179
1785487304.9474683,212,0.171
1785487304.9474683,213,0.168
1785487304.9474683,214,0.176
1785487304.9474683,215,0.167
1785487304.9474683,216,0.166
1785487304.9474683,217,0.161
1785487304.9474683,218,0.161
1785487304.9474683,219,0.16
1785487304.9474683,220,0.171
1785487304.9474683,221,0.171
1785487304.9474683,222,0.169
1785487304.9474683,223,0.161
1785487304.9474683,224,0.164
1785487304.9474683,225,0.164
1785487304.9474683,226,0.161
1785487304.9474683,227,0.16
1785487304.9474683,228,0.161
1785487304.9474683,229,0.16
1785487304.9474683,230,0.161
1785487304.9474683,231,0.167
1785487304.9474683,232,0.158
1785487304.9474683,233,0.162
1785487304.9474683,234,0.161
1785487304.9474683,235,0.16
1785487304.9474683,236,0.162
1785487304.9474683,237,0.16
1785487304.9474683,238,0.157
1785487304.9474683,239,0.164
1785487304.9474683,240,0.16
1785487304.9474683,241,0.16
1785487304.9474683,242,0.161
1785487304.9474683,243,0.162
1785487304.9474683,244,0.161
1785487304.9474683,245,0.161
1785487304.9474683,246,0.163
1785487304.9474683,247,0.163
1785487304.9474683,248,0.16
1785487304.9474683,249,0.158
1785487304.9474683,250,0.162
1785487304.9474683,251,0.159
1785487304.9474683,252,0.159
1785487304.9474683,253,0.158
1785487304.9474683,254,0.158
1785487304.9474683,255,0.16
1785487304.9474683,256,0.16
1785487304.9474683,257,0.156
1785487304.9474683,258,0.161
1785487304.9474683,259,0.155
1785487304.9474683,260,0.158
1785487304.9474683,261,0.159
1785487304.9474683,262,0.156
1785487304.9474683,263,0.159
1785487304.9474683,264,0.154
1785487304.9474683,265,0.156
1785487304.9474683,266,0.159
1785487304.9474683,267,0.16
1785487304.9474683,268,0.16
1785487304.9474683,269,0.162
1785487304.9474683,270,0.159
1785487304.9474683,271,0.163
1785487304.9474683,272,0.161
1785487304.9474683,273,0.16
1785487304.9474683,274,0.158
1785487304.9474683,275,0.162
1785487304.9474683,276,0.162
1785487304.9474683,277,0.16
1785487304.9474683,278,0.157
1785487304.9474683,279,0.159
1785487304.9474683,280,0.157
1785487304.9474683,281,0.161
1785487304.9474683,282,0.163
1785487304.9474683,283,0.164
1785487304.9474683,284,0.162
1785487304.9474683,285,0.166
1785487304.9474683,286,0.157
1785487304.9474683,287,0.161
1785487304.9474683,288,0.166
1785487304.9474683,289,0.165
1785487304.9474683,290,0.162
1785487304.9474683,291,0.165
1785487304.9474683,292,0.164
1785487304.9474683,293,0.161
1785487304.9474683,294,0.161
1785487304.9474683,295,0.165
1785487304.9474683,296,0.165
1785487304.9474683,297,0.159
1785487304.9474683,298,0.163
1785487304.9474683,299,0.165
1785487304.9474683,300,0.164
1785487304.9474683,301,0.165
1785487304.9474683,302,0.161
1785487304.9474683,303,0.166
1785487304.9474683,304,0.165
1785487304.9474683,305,0.166
1785487304.9474683,306,0.168
1785487304.9474683,307,0.165
1785487304.9474683,308,0.165
1785487304.9474683,309,0.166
1785487304.9474683,310,0.17
1785487304.9474683,311,0.166
1785487304.9474683,312,0.169
1785487304.9474683,313,0.166
1785487304.9474683,314,0.165
1785487304.9474683,315,0.16
1785487304.9474683,316,0.166
1785487304.9474683,317,0.175
1785487304.9474683,318,0.164
1785487304.9474683,319,0.167
1785487304.9474683,320,0.171
1785487304.9474683,321,0.165
1785487304.9474683,322,0.166
1785487304.9474683,323,0.176
1785487304.9474683,324,0.159
1785487304.9474683,325,0.173
1785487304.9474683,326,0.171
1785487304.9474683,327,0.17
1785487304.9474683,328,0.166
1785487304.9474683,329,0.168
1785487304.9474683,330,0.169
1785487304.9474683,331,0.161
1785487304.9474683,332,0.161
1785487304.9474683,333,0.177
1785487304.9474683,334,0.175
1785487304.9474683,335,0.175
1785487304.9474683,336,0.191
1785487304.9474683,337,0.176
1785487304.9474683,338,0.178
1785487304.9474683,339,0.188
1785487304.9474683,340,0.166
1785487304.9474683,341,0.172
1785487304.9474683,342,0.169
1785487304.9474683,343,0.18
1785487304.9474683,344,0.18
1785487304.9474683,345,0.183
1785487304.9474683,346,0.186
1785487304.9474683,347,0.169
1785487304.9474683,348,0.178
1785487304.9474683,349,0.177
1785487304.9474683,350,0.193
1785487304.9474683,351,0.19
1785487304.9474683,352,0.171
1785487304.9474683,353,0.181
1785487304.9474683,354,0.192
1785487304.9474683,355,0.194
1785487304.9474683,356,0.209
1785487304.9474683,357,0.181
1785487304.9474683,358,0.178
1785487304.9474683,359,0.18
1785487304.9474683,360,0.184
1785487304.9474683,361,0.194
1785487304.9474683,362,0.195
1785487304.9474683,363,0.002
1785487304.9474683,364,0.194
1785487304.9474683,365,0.207
1785487304.9474683,366,0.002
1785487304.9474683,367,0.002
1785487304.9474683,368,0.0
1785487304.9474683,369,0.0
1785487304.9474683,370,0.002
1785487304.9474683,371,0.002
1785487304.9474683,372,0.0
1785487304.9474683,373,0.002
1785487304.9474683,374,0.002
1785487304.9474683,375,0.0
1785487304.9474683,376,0.0
1785487304.9474683,377,0.0
1785487304.9474683,378,0.0
1785487304.9474683,379,0.0
1785487304.9474683,380,0.0
1785487304.9474683,381,0.0
1785487304.9474683,382,0.0
1785487304.9474683,383,0.0
1785487304.9474683,384,0.0
1785487304.9474683,385,0.0
1785487304.9474683,386,0.0
1785487304.9474683,387,0.0
1785487304.9474683,388,0.0
1785487304.9474683,389,0.0
1785487304.9474683,390,0.0
1785487304.9474683,391,0.0
1785487304.9474683,392,0.0
1785487304.9474683,393,0.0
1785487304.9474683,394,0.0
1785487304.9474683,395,0.0
1785487304.9474683,396,0.0
1785487304.9474683,397,0.0
1785487304.9474683,398,0.0
1785487304.9474683,399,0.0
1785487304.9474683,400,0.0
1785487304.9474683,401,0.0
1785487304.9474683,402,0.0
1785487304.9474683,403,0.0
1785487304.9474683,404,0.0
1785487304.9474683,405,0.0
1785487304.9474683,406,0.0
1785487304.9474683,407,0.0
1785487304.9474683,408,0.0
1785487304.9474683,409,0.0
1785487304.9474683,410,0.0
1785487304.9474683,411,0.0
1785487304.9474683,412,0.0
1785487304.9474683,413,0.0
1785487304.9474683,414,0.0
1785487304.9474683,415,0.0
1785487304.9474683,416,0.0
1785487304.9474683,417,0.0
1785487304.9474683,418,0.0
1785487304.9474683,419,0.0
1785487304.9474683,420,0.0
1785487305.0216675,0,3.012
1785487305.0216675,1,3.01
1785487305.0216675,2,3.01
1785487305.0216675,3,3.017
1785487305.0216675,4,3.016
1785487305.0216675,5,3.017
1785487305.0216675,6,3.019
1785487305.0216675,7,3.021
1785487305.0216675,8,3.022
1785487305.0216675,9,3.025
1785487305.0216675,10,3.028
1785487305.0216675,11,3.032
1785487305.0216675,12,3.033
1785487305.0216675,13,3.037
1785487305.0216675,14,3.038
1785487305.0216675,15,3.047
1785487305.0216675,16,3.049
1785487305.0216675,17,3.051
1785487305.0216675,18,3.051
1785487305.0216675,19,3.121
1785487305.0216675,20,1.699
1785487305.0216675,21,1.694
1785487305.0216675,22,1.667
1785487305.0216675,23,1.667
1785487305.0216675,24,1.661
1785487305.0216675,25,1.649
1785487305.0216675,26,1.631
1785487305.0216675,27,1.607
1785487305.0216675,28,1.609
1785487305.0216675,29,1.588
1785487305.0216675,30,1.58
1785487305.0216675,31,1.545
1785487305.0216675,32,1.54
1785487305.0216675,33,1.517
1785487305.0216675,34,1.499
1785487305.0216675,35,1.471
1785487305.0216675,36,1.458
1785487305.0216675,37,1.451
1785487305.0216675,38,1.431
1785487305.0216675,39,1.412
1785487305.0216675,40,1.41
1785487305.0216675,41,1.405
1785487305.0216675,42,1.398
1785487305.0216675,43,1.383
1785487305.0216675,44,1.391
1785487305.0216675,45,1.373
1785487305.0216675,46,1.371
1785487305.0216675,47,1.378
1785487305.0216675,48,1.362
1785487305.0216675,49,1.364
1785487305.0216675,50,1.353
1785487305.0216675,51,1.336
1785487305.0216675,52,1.341
1785487305.0216675,53,1.357
1785487305.0216675,54,1.354
1785487305.0216675,55,1.322
1785487305.0216675,56,1.298
1785487305.0216675,57,1.285
1785487305.0216675,58,1.285
1785487305.0216675,59,1.288
1785487305.0216675,60,1.283
1785487305.0216675,61,1.292
1785487305.0216675,62,1.292
1785487305.0216675,63,1.29
1785487305.0216675,64,1.304
1785487305.0216675,65,1.316
1785487305.0216675,66,1.352
1785487305.0216675,67,1.511
1785487305.0216675,68,1.623
1785487305.0216675,69,1.614
1785487305.0216675,70,1.637
1785487305.0216675,71,1.649
1785487305.0216675,72,1.733
1785487305.0216675,73,1.73
1785487305.0216675,74,1.738
1785487305.0216675,75,1.782
1785487305.0216675,76,1.776
1785487305.0216675,77,1.747
1785487305.0216675,78,1.711
1785487305.0216675,79,1.696
1785487305.0216675,80,1.668
1785487305.0216675,81,1.644
1785487305.0216675,82,1.624
1785487305.0216675,83,1.609
1785487305.0216675,84,1.585
1785487305.0216675,85,1.567
1785487305.0216675,86,1.527
1785487305.0216675,87,1.278
1785487305.0216675,88,1.062
1785487305.0216675,89,1.037
1785487305.0216675,90,1.038
1785487305.0216675,91,1.031
1785487305.0216675,92,1.032
1785487305.0216675,93,1.036
1785487305.0216675,94,1.042
1785487305.0216675,95,1.026
1785487305.0216675,96,1.025
1785487305.0216675,97,0.884
1785487305.0216675,98,0.776
1785487305.0216675,99,0.769
1785487305.0216675,100,0.769
1785487305.0216675,101,0.77
1785487305.0216675,102,0.76
1785487305.0216675,103,0.769
1785487305.0216675,104,0.764
1785487305.0216675,105,0.764
1785487305.0216675,106,0.765
1785487305.0216675,107,0.762
1785487305.0216675,108,0.765
1785487305.0216675,109,0.764
1785487305.0216675,110,0.769
1785487305.0216675,111,0.764
1785487305.0216675,112,0.769
1785487305.0216675,113,0.773
1785487305.0216675,114,0.793
1785487305.0216675,115,0.847
1785487305.0216675,116,0.849
1785487305.0216675,117,0.84
1785487305.0216675,118,0.838
1785487305.0216675,119,0.834
1785487305.0216675,120,0.829
1785487305.0216675,121,0.836
1785487305.0216675,122,0.822
1785487305.0216675,123,0.821
1785487305.0216675,124,0.815
1785487305.0216675,125,0.814
1785487305.0216675,126,0.804
1785487305.0216675,127,0.777
1785487305.0216675,128,0.718
1785487305.0216675,129,0.646
1785487305.0216675,130,0.603
1785487305.0216675,131,0.588
1785487305.0216675,132,0.569
1785487305.0216675,133,0.572
1785487305.0216675,134,0.576
1785487305.0216675,135,0.569
1785487305.0216675,136,0.58
1785487305.0216675,137,0.581
1785487305.0216675,138,0.567
1785487305.0216675,139,0.532
1785487305.0216675,140,0.502
1785487305.0216675,141,0.491
1785487305.0216675,142,0.489
1785487305.0216675,143,0.476
1785487305.0216675,144,0.473
1785487305.0216675,145,0.471
1785487305.0216675,146,0.465
1785487305.0216675,147,0.467
1785487305.0216675,148,0.457
1785487305.0216675,149,0.461
1785487305.0216675,150,0.456
1785487305.0216675,151,0.457
1785487305.0216675,152,0.459
1785487305.0216675,153,0.452
1785487305.0216675,154,0.445
1785487305.0216675,155,0.445
1785487305.0216675,156,0.437
1785487305.0216675,157,0.442
1785487305.0216675,158,0.446
1785487305.0216675,159,0.435
1785487305.0216675,160,0.443
1785487305.0216675,161,0.436
1785487305.0216675,162,0.431
1785487305.0216675,163,0.434
1785487305.0216675,164,0.436
1785487305.0216675,165,0.432
1785487305.0216675,166,0.429
1785487305.0216675,167,0.43
1785487305.0216675,168,0.426
1785487305.0216675,169,0.427
1785487305.0216675,170,0.426
1785487305.0216675,171,0.423
1785487305.0216675,172,0.424
1785487305.0216675,173,0.422
1785487305.0216675,174,0.421
1785487305.0216675,175,0.428
1785487305.0216675,176,0.423
1785487305.0216675,177,0.419
1785487305.0216675,178,0.422
1785487305.0216675,179,0.422
1785487305.0216675,180,0.424
1785487305.0216675,181,0.423
1785487305.0216675,182,0.426
1785487305.0216675,183,0.422
1785487305.0216675,184,0.426
1785487305.0216675,185,0.424
1785487305.0216675,186,0.427
1785487305.0216675,187,0.423
1785487305.0216675,188,0.43
1785487305.0216675,189,0.434
1785487305.0216675,190,0.433
1785487305.0216675,191,0.421
1785487305.0216675,192,0.416
1785487305.0216675,193,0.351
1785487305.0216675,194,0.262
1785487305.0216675,195,0.221
1785487305.0216675,196,0.205
1785487305.0216675,197,0.185
1785487305.0216675,198,0.193
1785487305.0216675,199,0.182
1785487305.0216675,200,0.185
1785487305.0216675,201,0.182
1785487305.0216675,202,0.182
1785487305.0216675,203,0.171
1785487305.0216675,204,0.173
1785487305.0216675,205,0.177
1785487305.0216675,206,0.16
1785487305.0216675,207,0.196
1785487305.0216675,208,0.169
1785487305.0216675,209,0.174
1785487305.0216675,210,0.162
1785487305.0216675,211,0.172
1785487305.0216675,212,0.173
1785487305.0216675,213,0.162
1785487305.0216675,214,0.178
1785487305.0216675,215,0.17
1785487305.0216675,216,0.16
1785487305.0216675,217,0.161
1785487305.0216675,218,0.157
1785487305.0216675,219,0.166
1785487305.0216675,220,0.167
1785487305.0216675,221,0.166
1785487305.0216675,222,0.159
1785487305.0216675,223,0.163
1785487305.0216675,224,0.161
1785487305.0216675,225,0.161
1785487305.0216675,226,0.164
1785487305.0216675,227,0.162
1785487305.0216675,228,0.168
1785487305.0216675,229,0.166
1785487305.0216675,230,0.17
1785487305.0216675,231,0.162
1785487305.0216675,232,0.158
1785487305.0216675,233,0.16
1785487305.0216675,234,0.162
1785487305.0216675,235,0.164
1785487305.0216675,236,0.161
1785487305.0216675,237,0.163
1785487305.0216675,238,0.163
1785487305.0216675,239,0.163
1785487305.0216675,240,0.164
1785487305.0216675,241,0.163
1785487305.0216675,242,0.163
1785487305.0216675,243,0.162
1785487305.0216675,244,0.162
1785487305.0216675,245,0.162
1785487305.0216675,246,0.161
1785487305.0216675,247,0.161
1785487305.0216675,248,0.161
1785487305.0216675,249,0.157
1785487305.0216675,250,0.162
1785487305.0216675,251,0.16
1785487305.0216675,252,0.158
1785487305.0216675,253,0.164
1785487305.0216675,254,0.162
1785487305.0216675,255,0.161
1785487305.0216675,256,0.154
1785487305.0216675,257,0.16
1785487305.0216675,258,0.159
1785487305.0216675,259,0.157
1785487305.0216675,260,0.159
1785487305.0216675,261,0.157
1785487305.0216675,262,0.156
1785487305.0216675,263,0.158
1785487305.0216675,264,0.16
1785487305.0216675,265,0.16
1785487305.0216675,266,0.16
1785487305.0216675,267,0.163
1785487305.0216675,268,0.158
1785487305.0216675,269,0.163
1785487305.0216675,270,0.161
1785487305.0216675,271,0.161
1785487305.0216675,272,0.161
1785487305.0216675,273,0.16
1785487305.0216675,274,0.164
1785487305.0216675,275,0.162
1785487305.0216675,276,0.161
1785487305.0216675,277,0.161
1785487305.0216675,278,0.158
1785487305.0216675,279,0.158
1785487305.0216675,280,0.162
1785487305.0216675,281,0.16
1785487305.0216675,282,0.162
1785487305.0216675,283,0.162
1785487305.0216675,284,0.16
1785487305.0216675,285,0.161
1785487305.0216675,286,0.164
1785487305.0216675,287,0.161
1785487305.0216675,288,0.163
1785487305.0216675,289,0.166
1785487305.0216675,290,0.159
1785487305.0216675,291,0.161
1785487305.0216675,292,0.166
1785487305.0216675,293,0.164
1785487305.0216675,294,0.166
1785487305.0216675,295,0.166
1785487305.0216675,296,0.16
1785487305.0216675,297,0.161
1785487305.0216675,298,0.165
1785487305.0216675,299,0.165
1785487305.0216675,300,0.16
1785487305.0216675,301,0.161
1785487305.0216675,302,0.165
1785487305.0216675,303,0.163
1785487305.0216675,304,0.165
1785487305.0216675,305,0.161
1785487305.0216675,306,0.165
1785487305.0216675,307,0.17
1785487305.0216675,308,0.165
1785487305.0216675,309,0.174
1785487305.0216675,310,0.17
1785487305.0216675,311,0.168
1785487305.0216675,312,0.167
1785487305.0216675,313,0.165
1785487305.0216675,314,0.169
1785487305.0216675,315,0.171
1785487305.0216675,316,0.166
1785487305.0216675,317,0.171
1785487305.0216675,318,0.166
1785487305.0216675,319,0.166
1785487305.0216675,320,0.164
1785487305.0216675,321,0.169
1785487305.0216675,322,0.165
1785487305.0216675,323,0.173
1785487305.0216675,324,0.164
1785487305.0216675,325,0.171
1785487305.0216675,326,0.173
1785487305.0216675,327,0.179
1785487305.0216675,328,0.179
1785487305.0216675,329,0.178
1785487305.0216675,330,0.17
1785487305.0216675,331,0.179
1785487305.0216675,332,0.176
1785487305.0216675,333,0.18
1785487305.0216675,334,0.172
1785487305.0216675,335,0.175
1785487305.0216675,336,0.183
1785487305.0216675,337,0.167
1785487305.0216675,338,0.177
1785487305.0216675,339,0.196
1785487305.0216675,340,0.182
1785487305.0216675,341,0.18
1785487305.0216675,342,0.186
1785487305.0216675,343,0.193
1785487305.0216675,344,0.194
1785487305.0216675,345,0.192
1785487305.0216675,346,0.183
1785487305.0216675,347,0.18
1785487305.0216675,348,0.172
1785487305.0216675,349,0.179
1785487305.0216675,350,0.172
1785487305.0216675,351,0.177
1785487305.0216675,352,0.192
1785487305.0216675,353,0.183
1785487305.0216675,354,0.183
1785487305.0216675,355,0.198
1785487305.0216675,356,0.002
1785487305.0216675,357,0.002
1785487305.0216675,358,0.205
1785487305.0216675,359,0.203
1785487305.0216675,360,0.183
1785487305.0216675,361,0.002
1785487305.0216675,362,0.002
1785487305.0216675,363,0.18
1785487305.0216675,364,0.002
1785487305.0216675,365,0.002
1785487305.0216675,366,0.208
1785487305.0216675,367,0.188
1785487305.0216675,368,0.205
1785487305.0216675,369,0.002
1785487305.0216675,370,0.002
1785487305.0216675,371,0.0
1785487305.0216675,372,0.0
1785487305.0216675,373,0.0
1785487305.0216675,374,0.002
1785487305.0216675,375,0.0
1785487305.0216675,376,0.0
1785487305.0216675,377,0.0
1785487305.0216675,378,0.0
1785487305.0216675,379,0.0
1785487305.0216675,380,0.0
1785487305.0216675,381,0.0
1785487305.0216675,382,0.0
1785487305.0216675,383,0.0
1785487305.0216675,384,0.0
1785487305.0216675,385,0.0
1785487305.0216675,386,0.0
1785487305.0216675,387,0.0
1785487305.0216675,388,0.0
1785487305.0216675,389,0.0
1785487305.0216675,390,0.0
1785487305.0216675,391,0.0
1785487305.0216675,392,0.0
1785487305.0216675,393,0.0
1785487305.0216675,394,0.0
1785487305.0216675,395,0.0
1785487305.0216675,396,0.0
1785487305.0216675,397,0.0
1785487305.0216675,398,0.0
1785487305.0216675,399,0.0
1785487305.0216675,400,0.0
1785487305.0216675,401,0.0
1785487305.0216675,402,0.0
1785487305.0216675,403,0.0
1785487305.0216675,404,0.0
1785487305.0216675,405,0.0
1785487305.0216675,406,0.0
1785487305.0216675,407,0.0
1785487305.0216675,408,0.0
1785487305.0216675,409,0.0
1785487305.0216675,410,0.0
1785487305.0216675,411,0.0
1785487305.0216675,412,0.0
1785487305.0216675,413,0.0
1785487305.0216675,414,0.0
1785487305.0216675,415,0.0
1785487305.0216675,416,0.0
1785487305.0216675,417,0.0
1785487305.0216675,418,0.0
1785487305.0216675,419,0.0
1785487305.0216675,420,0.0
1785487305.0830317,0,3.007
1785487305.0830317,1,3.008
1785487305.0830317,2,3.006
1785487305.0830317,3,3.018
1785487305.0830317,4,3.019
1785487305.0830317,5,3.016
1785487305.0830317,6,3.019
1785487305.0830317,7,3.024
1785487305.0830317,8,3.025
1785487305.0830317,9,3.028
1785487305.0830317,10,3.03
1785487305.0830317,11,3.032
1785487305.0830317,12,3.033
1785487305.0830317,13,3.037
1785487305.0830317,14,3.038
1785487305.0830317,15,3.041
1785487305.0830317,16,3.049
1785487305.0830317,17,3.046
1785487305.0830317,18,3.05
1785487305.0830317,19,3.12
1785487305.0830317,20,1.7
1785487305.0830317,21,1.689
1785487305.0830317,22,1.667
1785487305.0830317,23,1.663
1785487305.0830317,24,1.664
1785487305.0830317,25,1.651
1785487305.0830317,26,1.621
1785487305.0830317,27,1.613
1785487305.0830317,28,1.614
1785487305.0830317,29,1.59
1785487305.0830317,30,1.582
1785487305.0830317,31,1.559
1785487305.0830317,32,1.549
1785487305.0830317,33,1.526
1785487305.0830317,34,1.504
1785487305.0830317,35,1.479
1785487305.0830317,36,1.461
1785487305.0830317,37,1.45
1785487305.0830317,38,1.441
1785487305.0830317,39,1.41
1785487305.0830317,40,1.407
1785487305.0830317,41,1.408
1785487305.0830317,42,1.394
1785487305.0830317,43,1.388
1785487305.0830317,44,1.381
1785487305.0830317,45,1.38
1785487305.0830317,46,1.37
1785487305.0830317,47,1.378
1785487305.0830317,48,1.359
1785487305.0830317,49,1.355
1785487305.0830317,50,1.35
1785487305.0830317,51,1.343
1785487305.0830317,52,1.355
1785487305.0830317,53,1.356
1785487305.0830317,54,1.36
1785487305.0830317,55,1.331
1785487305.0830317,56,1.296
1785487305.0830317,57,1.277
1785487305.0830317,58,1.278
1785487305.0830317,59,1.276
1785487305.0830317,60,1.281
1785487305.0830317,61,1.292
1785487305.0830317,62,1.291
1785487305.0830317,63,1.296
1785487305.0830317,64,1.309
1785487305.0830317,65,1.314
1785487305.0830317,66,1.355
1785487305.0830317,67,1.503
1785487305.0830317,68,1.621
1785487305.0830317,69,1.615
1785487305.0830317,70,1.639
1785487305.0830317,71,1.646
1785487305.0830317,72,1.732
1785487305.0830317,73,1.731
1785487305.0830317,74,1.735
1785487305.0830317,75,1.783
1785487305.0830317,76,1.767
1785487305.0830317,77,1.748
1785487305.0830317,78,1.718
1785487305.0830317,79,1.688
1785487305.0830317,80,1.67
1785487305.0830317,81,1.652
1785487305.0830317,82,1.627
1785487305.0830317,83,1.6
1785487305.0830317,84,1.592
1785487305.0830317,85,1.565
1785487305.0830317,86,1.534
1785487305.0830317,87,1.283
1785487305.0830317,88,1.062
1785487305.0830317,89,1.038
1785487305.0830317,90,1.038
1785487305.0830317,91,1.035
1785487305.0830317,92,1.043
1785487305.0830317,93,1.035
1785487305.0830317,94,1.046
1785487305.0830317,95,1.035
1785487305.0830317,96,1.027
1785487305.0830317,97,0.874
1785487305.0830317,98,0.783
1785487305.0830317,99,0.771
1785487305.0830317,100,0.775
1785487305.0830317,101,0.771
1785487305.0830317,102,0.764
1785487305.0830317,103,0.768
1785487305.0830317,104,0.766
1785487305.0830317,105,0.766
1785487305.0830317,106,0.764
1785487305.0830317,107,0.764
1785487305.0830317,108,0.765
1785487305.0830317,109,0.774
1785487305.0830317,110,0.77
1785487305.0830317,111,0.768
1785487305.0830317,112,0.783
1785487305.0830317,113,0.781
1785487305.0830317,114,0.795
1785487305.0830317,115,0.84
1785487305.0830317,116,0.845
1785487305.0830317,117,0.85
1785487305.0830317,118,0.843
1785487305.0830317,119,0.833
1785487305.0830317,120,0.824
1785487305.0830317,121,0.842
1785487305.0830317,122,0.818
1785487305.0830317,123,0.82
1785487305.0830317,124,0.822
1785487305.0830317,125,0.816
1785487305.0830317,126,0.798
1785487305.0830317,127,0.77
1785487305.0830317,128,0.724
1785487305.0830317,129,0.654
1785487305.0830317,130,0.595
1785487305.0830317,131,0.579
1785487305.0830317,132,0.575
1785487305.0830317,133,0.576
1785487305.0830317,134,0.573
1785487305.0830317,135,0.572
1785487305.0830317,136,0.58
1785487305.0830317,137,0.564
1785487305.0830317,138,0.564
1785487305.0830317,139,0.524
1785487305.0830317,140,0.497
1785487305.0830317,141,0.491
1785487305.0830317,142,0.48
1785487305.0830317,143,0.474
1785487305.0830317,144,0.473
1785487305.0830317,145,0.47
1785487305.0830317,146,0.467
1785487305.0830317,147,0.466
1785487305.0830317,148,0.464
1785487305.0830317,149,0.46
1785487305.0830317,150,0.456
1785487305.0830317,151,0.449
1785487305.0830317,152,0.457
1785487305.0830317,153,0.452
1785487305.0830317,154,0.45
1785487305.0830317,155,0.444
1785487305.0830317,156,0.445
1785487305.0830317,157,0.44
1785487305.0830317,158,0.442
1785487305.0830317,159,0.434
1785487305.0830317,160,0.437
1785487305.0830317,161,0.437
1785487305.0830317,162,0.435
1785487305.0830317,163,0.435
1785487305.0830317,164,0.43
1785487305.0830317,165,0.437
1785487305.0830317,166,0.426
1785487305.0830317,167,0.431
1785487305.0830317,168,0.43
1785487305.0830317,169,0.426
1785487305.0830317,170,0.425
1785487305.0830317,171,0.424
1785487305.0830317,172,0.425
1785487305.0830317,173,0.423
1785487305.0830317,174,0.421
1785487305.0830317,175,0.428
1785487305.0830317,176,0.422
1785487305.0830317,177,0.424
1785487305.0830317,178,0.424
1785487305.0830317,179,0.416
1785487305.0830317,180,0.422
1785487305.0830317,181,0.425
1785487305.0830317,182,0.425
1785487305.0830317,183,0.423
1785487305.0830317,184,0.425
1785487305.0830317,185,0.423
1785487305.0830317,186,0.421
1785487305.0830317,187,0.426
1785487305.0830317,188,0.427
1785487305.0830317,189,0.426
1785487305.0830317,190,0.427
1785487305.0830317,191,0.425
1785487305.0830317,192,0.002
1785487305.0830317,193,0.35
1785487305.0830317,194,0.267
1785487305.0830317,195,0.225
1785487305.0830317,196,0.207
1785487305.0830317,197,0.188
1785487305.0830317,198,0.193
1785487305.0830317,199,0.178
1785487305.0830317,200,0.002
1785487305.0830317,201,0.173
1785487305.0830317,202,0.191
1785487305.0830317,203,0.164
1785487305.0830317,204,0.194
1785487305.0830317,205,0.176
1785487305.0830317,206,0.189
1785487305.0830317,207,0.174
1785487305.0830317,208,0.172
1785487305.0830317,209,0.161
1785487305.0830317,210,0.174
1785487305.0830317,211,0.172
1785487305.0830317,212,0.179
1785487305.0830317,213,0.172
1785487305.0830317,214,0.157
1785487305.0830317,215,0.17
1785487305.0830317,216,0.167
1785487305.0830317,217,0.166
1785487305.0830317,218,0.171
1785487305.0830317,219,0.167
1785487305.0830317,220,0.167
1785487305.0830317,221,0.154
1785487305.0830317,222,0.159
1785487305.0830317,223,0.173
1785487305.0830317,224,0.162
1785487305.0830317,225,0.163
1785487305.0830317,226,0.16
1785487305.0830317,227,0.161
1785487305.0830317,228,0.164
1785487305.0830317,229,0.157
1785487305.0830317,230,0.164
1785487305.0830317,231,0.163
1785487305.0830317,232,0.163
1785487305.0830317,233,0.164
1785487305.0830317,234,0.162
1785487305.0830317,235,0.161
1785487305.0830317,236,0.16
1785487305.0830317,237,0.161
1785487305.0830317,238,0.164
1785487305.0830317,239,0.161
1785487305.0830317,240,0.162
1785487305.0830317,241,0.163
1785487305.0830317,242,0.161
1785487305.0830317,243,0.16
1785487305.0830317,244,0.163
1785487305.0830317,245,0.161
1785487305.0830317,246,0.162
1785487305.0830317,247,0.161
1785487305.0830317,248,0.164
1785487305.0830317,249,0.161
1785487305.0830317,250,0.161
1785487305.0830317,251,0.161
1785487305.0830317,252,0.16
1785487305.0830317,253,0.162
1785487305.0830317,254,0.16
1785487305.0830317,255,0.163
1785487305.0830317,256,0.157
1785487305.0830317,257,0.159
1785487305.0830317,258,0.158
1785487305.0830317,259,0.158
1785487305.0830317,260,0.159
1785487305.0830317,261,0.158
1785487305.0830317,262,0.162
1785487305.0830317,263,0.164
1785487305.0830317,264,0.161
1785487305.0830317,265,0.158
1785487305.0830317,266,0.162
1785487305.0830317,267,0.162
1785487305.0830317,268,0.162
1785487305.0830317,269,0.16
1785487305.0830317,270,0.164
1785487305.0830317,271,0.162
1785487305.0830317,272,0.161
1785487305.0830317,273,0.158
1785487305.0830317,274,0.156
1785487305.0830317,275,0.159
1785487305.0830317,276,0.158
1785487305.0830317,277,0.159
1785487305.0830317,278,0.157
1785487305.0830317,279,0.159
1785487305.0830317,280,0.16
1785487305.0830317,281,0.161
1785487305.0830317,282,0.161
1785487305.0830317,283,0.163
1785487305.0830317,284,0.165
1785487305.0830317,285,0.162
1785487305.0830317,286,0.157
1785487305.0830317,287,0.156
1785487305.0830317,288,0.158
1785487305.0830317,289,0.161
1785487305.0830317,290,0.161
1785487305.0830317,291,0.16
1785487305.0830317,292,0.159
1785487305.0830317,293,0.166
1785487305.0830317,294,0.169
1785487305.0830317,295,0.166
1785487305.0830317,296,0.163
1785487305.0830317,297,0.161
1785487305.0830317,298,0.164
1785487305.0830317,299,0.157
1785487305.0830317,300,0.164
1785487305.0830317,301,0.169
1785487305.0830317,302,0.165
1785487305.0830317,303,0.166
1785487305.0830317,304,0.165
1785487305.0830317,305,0.166
1785487305.0830317,306,0.165
1785487305.0830317,307,0.165
1785487305.0830317,308,0.168
1785487305.0830317,309,0.17
1785487305.0830317,310,0.165
1785487305.0830317,311,0.17
1785487305.0830317,312,0.169
1785487305.0830317,313,0.168
1785487305.0830317,314,0.162
1785487305.0830317,315,0.163
1785487305.0830317,316,0.166
1785487305.0830317,317,0.166
1785487305.0830317,318,0.171
1785487305.0830317,319,0.174
1785487305.0830317,320,0.167
1785487305.0830317,321,0.166
1785487305.0830317,322,0.166
1785487305.0830317,323,0.177
1785487305.0830317,324,0.172
1785487305.0830317,325,0.171
1785487305.0830317,326,0.167
1785487305.0830317,327,0.162
1785487305.0830317,328,0.177
1785487305.0830317,329,0.171
1785487305.0830317,330,0.162
1785487305.0830317,331,0.178
1785487305.0830317,332,0.174
1785487305.0830317,333,0.172
1785487305.0830317,334,0.167
1785487305.0830317,335,0.18
1785487305.0830317,336,0.178
1785487305.0830317,337,0.19
1785487305.0830317,338,0.184
1785487305.0830317,339,0.186
1785487305.0830317,340,0.183
1785487305.0830317,341,0.176
1785487305.0830317,342,0.178
1785487305.0830317,343,0.188
1785487305.0830317,344,0.19
1785487305.0830317,345,0.168
1785487305.0830317,346,0.178
1785487305.0830317,347,0.184
1785487305.0830317,348,0.175
1785487305.0830317,349,0.177
1785487305.0830317,350,0.195
1785487305.0830317,351,0.199
1785487305.0830317,352,0.196
1785487305.0830317,353,0.18
1785487305.0830317,354,0.18
1785487305.0830317,355,0.184
1785487305.0830317,356,0.181
1785487305.0830317,357,0.187
1785487305.0830317,358,0.002
1785487305.0830317,359,0.21
1785487305.0830317,360,0.207
1785487305.0830317,361,0.002
1785487305.0830317,362,0.002
1785487305.0830317,363,0.184
1785487305.0830317,364,0.0
1785487305.0830317,365,0.202
1785487305.0830317,366,0.187
1785487305.0830317,367,0.208
1785487305.0830317,368,0.194
1785487305.0830317,369,0.002
1785487305.0830317,370,0.192
1785487305.0830317,371,0.002
1785487305.0830317,372,0.002
1785487305.0830317,373,0.0
1785487305.0830317,374,0.0
1785487305.0830317,375,0.0
1785487305.0830317,376,0.0
1785487305.0830317,377,0.0
1785487305.0830317,378,0.0
1785487305.0830317,379,0.0
1785487305.0830317,380,0.0
1785487305.0830317,381,0.0
1785487305.0830317,382,0.0
1785487305.0830317,383,0.0
1785487305.0830317,384,0.0
1785487305.0830317,385,0.0
1785487305.0830317,386,0.0
1785487305.0830317,387,0.0
1785487305.0830317,388,0.0
1785487305.0830317,389,0.0
1785487305.0830317,390,0.0
1785487305.0830317,391,0.0
1785487305.0830317,392,0.0
1785487305.0830317,393,0.0
1785487305.0830317,394,0.0
1785487305.0830317,395,0.0
1785487305.0830317,396,0.0
1785487305.0830317,397,0.0
1785487305.0830317,398,0.0
1785487305.0830317,399,0.0
1785487305.0830317,400,0.0
1785487305.0830317,401,0.0
1785487305.0830317,402,0.0
1785487305.0830317,403,0.0
1785487305.0830317,404,0.0
1785487305.0830317,405,0.0
1785487305.0830317,406,0.0
1785487305.0830317,407,0.0
1785487305.0830317,408,0.0
1785487305.0830317,409,0.0
1785487305.0830317,410,0.0
1785487305.0830317,411,0.0
1785487305.0830317,412,0.0
1785487305.0830317,413,0.0
1785487305.0830317,414,0.0
1785487305.0830317,415,0.0
1785487305.0830317,416,0.0
1785487305.0830317,417,0.0
1785487305.0830317,418,0.0
1785487305.0830317,419,0.0
1785487305.0830317,420,0.0
1785487305.1468253,0,3.007
1785487305.1468253,1,3.013
1785487305.1468253,2,3.013
1785487305.1468253,3,3.012
1785487305.1468253,4,3.016
1785487305.1468253,5,3.017
1785487305.1468253,6,3.022
1785487305.1468253,7,3.021
1785487305.1468253,8,3.023
1785487305.1468253,9,3.026
1785487305.1468253,10,3.022
1785487305.1468253,11,3.03
1785487305.1468253,12,3.038
1785487305.1468253,13,3.037
1785487305.1468253,14,3.041
1785487305.1468253,15,3.043
1785487305.1468253,16,3.051
1785487305.1468253,17,3.047
1785487305.1468253,18,3.052
1785487305.1468253,19,3.122
1785487305.1468253,20,1.694
1785487305.1468253,21,1.691
1785487305.1468253,22,1.673
1785487305.1468253,23,1.665
1785487305.1468253,24,1.653
1785487305.1468253,25,1.637
1785487305.1468253,26,1.629
1785487305.1468253,27,1.609
1785487305.1468253,28,1.609
1785487305.1468253,29,1.594
1785487305.1468253,30,1.566
1785487305.1468253,31,1.55
1785487305.1468253,32,1.544
1785487305.1468253,33,1.529
1785487305.1468253,34,1.507
1785487305.1468253,35,1.473
1785487305.1468253,36,1.47
1785487305.1468253,37,1.448
1785487305.1468253,38,1.44
1785487305.1468253,39,1.418
1785487305.1468253,40,1.407
1785487305.1468253,41,1.41
1785487305.1468253,42,1.392
1785487305.1468253,43,1.394
1785487305.1468253,44,1.391
1785487305.1468253,45,1.376
1785487305.1468253,46,1.382
1785487305.1468253,47,1.382
1785487305.1468253,48,1.356
1785487305.1468253,49,1.36
1785487305.1468253,50,1.356
1785487305.1468253,51,1.344
1785487305.1468253,52,1.348
1785487305.1468253,53,1.361
1785487305.1468253,54,1.361
1785487305.1468253,55,1.33
1785487305.1468253,56,1.292
1785487305.1468253,57,1.274
1785487305.1468253,58,1.295
1785487305.1468253,59,1.282
1785487305.1468253,60,1.282
1785487305.1468253,61,1.293
1785487305.1468253,62,1.289
1785487305.1468253,63,1.299
1785487305.1468253,64,1.305
1785487305.1468253,65,1.322
1785487305.1468253,66,1.351
1785487305.1468253,67,1.502
1785487305.1468253,68,1.615
1785487305.1468253,69,1.616
1785487305.1468253,70,1.635
1785487305.1468253,71,1.641
1785487305.1468253,72,1.734
1785487305.1468253,73,1.727
1785487305.1468253,74,1.738
1785487305.1468253,75,1.782
1785487305.1468253,76,1.766
1785487305.1468253,77,1.743
1785487305.1468253,78,1.721
1785487305.1468253,79,1.686
1785487305.1468253,80,1.676
1785487305.1468253,81,1.643
1785487305.1468253,82,1.621
1785487305.1468253,83,1.604
1785487305.1468253,84,1.58
1785487305.1468253,85,1.566
1785487305.1468253,86,1.526
1785487305.1468253,87,1.281
1785487305.1468253,88,1.071
1785487305.1468253,89,1.044
1785487305.1468253,90,1.039
1785487305.1468253,91,1.028
1785487305.1468253,92,1.029
1785487305.1468253,93,1.038
1785487305.1468253,94,1.036
1785487305.1468253,95,1.035
1785487305.1468253,96,1.032
1785487305.1468253,97,0.886
1785487305.1468253,98,0.786
1785487305.1468253,99,0.778
1785487305.1468253,100,0.763
1785487305.1468253,101,0.753
1785487305.1468253,102,0.769
1785487305.1468253,103,0.768
1785487305.1468253,104,0.765
1785487305.1468253,105,0.764
1785487305.1468253,106,0.759
1785487305.1468253,107,0.765
1785487305.1468253,108,0.761
1785487305.1468253,109,0.768
1785487305.1468253,110,0.764
1785487305.1468253,111,0.764
1785487305.1468253,112,0.773
1785487305.1468253,113,0.773
1785487305.1468253,114,0.793
1785487305.1468253,115,0.848
1785487305.1468253,116,0.855
1785487305.1468253,117,0.846
1785487305.1468253,118,0.843
1785487305.1468253,119,0.846
1785487305.1468253,120,0.844
1785487305.1468253,121,0.837
1785487305.1468253,122,0.825
1785487305.1468253,123,0.811
1785487305.1468253,124,0.808
1785487305.1468253,125,0.806
1785487305.1468253,126,0.797
1785487305.1468253,127,0.773
1785487305.1468253,128,0.721
1785487305.1468253,129,0.655
1785487305.1468253,130,0.596
1785487305.1468253,131,0.578
1785487305.1468253,132,0.572
1785487305.1468253,133,0.566
1785487305.1468253,134,0.567
1785487305.1468253,135,0.572
1785487305.1468253,136,0.574
1785487305.1468253,137,0.566
1785487305.1468253,138,0.561
1785487305.1468253,139,0.531
1785487305.1468253,140,0.501
1785487305.1468253,141,0.494
1785487305.1468253,142,0.479
1785487305.1468253,143,0.474
1785487305.1468253,144,0.473
1785487305.1468253,145,0.469
1785487305.1468253,146,0.468
1785487305.1468253,147,0.464
1785487305.1468253,148,0.457
1785487305.1468253,149,0.456
1785487305.1468253,150,0.455
1785487305.1468253,151,0.453
1785487305.1468253,152,0.457
1785487305.1468253,153,0.447
1785487305.1468253,154,0.443
1785487305.1468253,155,0.447
1785487305.1468253,156,0.45
1785487305.1468253,157,0.443
1785487305.1468253,158,0.44
1785487305.1468253,159,0.44
1785487305.1468253,160,0.438
1785487305.1468253,161,0.438
1785487305.1468253,162,0.439
1785487305.1468253,163,0.433
1785487305.1468253,164,0.434
1785487305.1468253,165,0.435
1785487305.1468253,166,0.431
1785487305.1468253,167,0.426
1785487305.1468253,168,0.426
1785487305.1468253,169,0.428
1785487305.1468253,170,0.427
1785487305.1468253,171,0.425
1785487305.1468253,172,0.425
1785487305.1468253,173,0.423
1785487305.1468253,174,0.425
1785487305.1468253,175,0.428
1785487305.1468253,176,0.423
1785487305.1468253,177,0.419
1785487305.1468253,178,0.421
1785487305.1468253,179,0.417
1785487305.1468253,180,0.422
1785487305.1468253,181,0.425
1785487305.1468253,182,0.425
1785487305.1468253,183,0.426
1785487305.1468253,184,0.425
1785487305.1468253,185,0.426
1785487305.1468253,186,0.428
1785487305.1468253,187,0.425
1785487305.1468253,188,0.43
1785487305.1468253,189,0.427
1785487305.1468253,190,0.43
1785487305.1468253,191,0.43
1785487305.1468253,192,0.419
1785487305.1468253,193,0.346
1785487305.1468253,194,0.269
1785487305.1468253,195,0.223
1785487305.1468253,196,0.199
1785487305.1468253,197,0.184
1785487305.1468253,198,0.189
1785487305.1468253,199,0.178
1785487305.1468253,200,0.002
1785487305.1468253,201,0.0
1785487305.1468253,202,0.002
1785487305.1468253,203,0.196
1785487305.1468253,204,0.173
1785487305.1468253,205,0.162
1785487305.1468253,206,0.181
1785487305.1468253,207,0.157
1785487305.1468253,208,0.167
1785487305.1468253,209,0.163
1785487305.1468253,210,0.171
1785487305.1468253,211,0.18
1785487305.1468253,212,0.171
1785487305.1468253,213,0.166
1785487305.1468253,214,0.175
1785487305.1468253,215,0.168
1785487305.1468253,216,0.165
1785487305.1468253,217,0.165
1785487305.1468253,218,0.157
1785487305.1468253,219,0.171
1785487305.1468253,220,0.155
1785487305.1468253,221,0.17
1785487305.1468253,222,0.178
1785487305.1468253,223,0.166
1785487305.1468253,224,0.159
1785487305.1468253,225,0.161
1785487305.1468253,226,0.161
1785487305.1468253,227,0.159
1785487305.1468253,228,0.16
1785487305.1468253,229,0.161
1785487305.1468253,230,0.162
1785487305.1468253,231,0.167
1785487305.1468253,232,0.162
1785487305.1468253,233,0.154
1785487305.1468253,234,0.159
1785487305.1468253,235,0.16
1785487305.1468253,236,0.162
1785487305.1468253,237,0.158
1785487305.1468253,238,0.161
1785487305.1468253,239,0.163
1785487305.1468253,240,0.161
1785487305.1468253,241,0.163
1785487305.1468253,242,0.161
1785487305.1468253,243,0.162
1785487305.1468253,244,0.163
1785487305.1468253,245,0.161
1785487305.1468253,246,0.16
1785487305.1468253,247,0.161
1785487305.1468253,248,0.162
1785487305.1468253,249,0.161
1785487305.1468253,250,0.16
1785487305.1468253,251,0.158
1785487305.1468253,252,0.156
1785487305.1468253,253,0.16
1785487305.1468253,254,0.16
1785487305.1468253,255,0.16
1785487305.1468253,256,0.157
1785487305.1468253,257,0.16
1785487305.1468253,258,0.158
1785487305.1468253,259,0.156
1785487305.1468253,260,0.161
1785487305.1468253,261,0.157
1785487305.1468253,262,0.158
1785487305.1468253,263,0.153
1785487305.1468253,264,0.162
1785487305.1468253,265,0.153
1785487305.1468253,266,0.159
1785487305.1468253,267,0.157
1785487305.1468253,268,0.162
1785487305.1468253,269,0.161
1785487305.1468253,270,0.162
1785487305.1468253,271,0.161
1785487305.1468253,272,0.16
1785487305.1468253,273,0.161
1785487305.1468253,274,0.162
1785487305.1468253,275,0.162
1785487305.1468253,276,0.158
1785487305.1468253,277,0.163
1785487305.1468253,278,0.158
1785487305.1468253,279,0.161
1785487305.1468253,280,0.161
1785487305.1468253,281,0.165
1785487305.1468253,282,0.163
1785487305.1468253,283,0.164
1785487305.1468253,284,0.162
1785487305.1468253,285,0.163
1785487305.1468253,286,0.166
1785487305.1468253,287,0.162
1785487305.1468253,288,0.163
1785487305.1468253,289,0.162
1785487305.1468253,290,0.161
1785487305.1468253,291,0.16
1785487305.1468253,292,0.168
1785487305.1468253,293,0.167
1785487305.1468253,294,0.168
1785487305.1468253,295,0.164
1785487305.1468253,296,0.163
1785487305.1468253,297,0.162
1785487305.1468253,298,0.165
1785487305.1468253,299,0.164
1785487305.1468253,300,0.164
1785487305.1468253,301,0.163
1785487305.1468253,302,0.163
1785487305.1468253,303,0.172
1785487305.1468253,304,0.168
1785487305.1468253,305,0.162
1785487305.1468253,306,0.163
1785487305.1468253,307,0.164
1785487305.1468253,308,0.174
1785487305.1468253,309,0.165
1785487305.1468253,310,0.167
1785487305.1468253,311,0.165
1785487305.1468253,312,0.171
1785487305.1468253,313,0.175
1785487305.1468253,314,0.162
1785487305.1468253,315,0.169
1785487305.1468253,316,0.165
1785487305.1468253,317,0.182
1785487305.1468253,318,0.171
1785487305.1468253,319,0.164
1785487305.1468253,320,0.175
1785487305.1468253,321,0.168
1785487305.1468253,322,0.164
1785487305.1468253,323,0.167
1785487305.1468253,324,0.175
1785487305.1468253,325,0.166
1785487305.1468253,326,0.163
1785487305.1468253,327,0.167
1785487305.1468253,328,0.172
1785487305.1468253,329,0.179
1785487305.1468253,330,0.176
1785487305.1468253,331,0.183
1785487305.1468253,332,0.168
1785487305.1468253,333,0.171
1785487305.1468253,334,0.177
1785487305.1468253,335,0.179
1785487305.1468253,336,0.168
1785487305.1468253,337,0.193
1785487305.1468253,338,0.176
1785487305.1468253,339,0.159
1785487305.1468253,340,0.173
1785487305.1468253,341,0.182
1785487305.1468253,342,0.172
1785487305.1468253,343,0.182
1785487305.1468253,344,0.174
1785487305.1468253,345,0.177
1785487305.1468253,346,0.189
1785487305.1468253,347,0.18
1785487305.1468253,348,0.188
1785487305.1468253,349,0.167
1785487305.1468253,350,0.18
1785487305.1468253,351,0.189
1785487305.1468253,352,0.199
1785487305.1468253,353,0.207
1785487305.1468253,354,0.18
1785487305.1468253,355,0.002
1785487305.1468253,356,0.169
1785487305.1468253,357,0.002
1785487305.1468253,358,0.002
1785487305.1468253,359,0.199
1785487305.1468253,360,0.002
1785487305.1468253,361,0.199
1785487305.1468253,362,0.0
1785487305.1468253,363,0.19
1785487305.1468253,364,0.002
1785487305.1468253,365,0.002
1785487305.1468253,366,0.192
1785487305.1468253,367,0.002
1785487305.1468253,368,0.0
1785487305.1468253,369,0.002
1785487305.1468253,370,0.0
1785487305.1468253,371,0.0
1785487305.1468253,372,0.0
1785487305.1468253,373,0.0
1785487305.1468253,374,0.002
1785487305.1468253,375,0.0
1785487305.1468253,376,0.0
1785487305.1468253,377,0.0
1785487305.1468253,378,0.002
1785487305.1468253,379,0.0
1785487305.1468253,380,0.0
1785487305.1468253,381,0.0
1785487305.1468253,382,0.0
1785487305.1468253,383,0.0
1785487305.1468253,384,0.0
1785487305.1468253,385,0.0
1785487305.1468253,386,0.0
1785487305.1468253,387,0.0
1785487305.1468253,388,0.0
1785487305.1468253,389,0.0
1785487305.1468253,390,0.0
1785487305.1468253,391,0.0
1785487305.1468253,392,0.0
1785487305.1468253,393,0.0
1785487305.1468253,394,0.0
1785487305.1468253,395,0.0
1785487305.1468253,396,0.0
1785487305.1468253,397,0.0
1785487305.1468253,398,0.0
1785487305.1468253,399,0.0
1785487305.1468253,400,0.0
1785487305.1468253,401,0.0
1785487305.1468253,402,0.0
1785487305.1468253,403,0.0
1785487305.1468253,404,0.0
1785487305.1468253,405,0.0
1785487305.1468253,406,0.0
1785487305.1468253,407,0.0
1785487305.1468253,408,0.0
1785487305.1468253,409,0.0
1785487305.1468253,410,0.0
1785487305.1468253,411,0.0
1785487305.1468253,412,0.0
1785487305.1468253,413,0.0
1785487305.1468253,414,0.0
1785487305.1468253,415,0.0
1785487305.1468253,416,0.0
1785487305.1468253,417,0.0
1785487305.1468253,418,0.0
1785487305.1468253,419,0.0
1785487305.1468253,420,0.0
